Design,nRAS,nBTBEntries,nBHTEntries,nICacheSets,nICacheWays,nICacheTLBWays,MulDivUnroll,useVM,nDCacheSets,nDCacheWays,nDCacheTLBWays,nMSHRs,chipfinish_Total_Area,cts_Total_Area,floorplan_Total_Area,placement_Total_Area,route_Total_Area,chipfinish_Fast_Total_Power(nW),chipfinish_Slow_Total_Power(nW),chipfinish_Typical_Total_Power(nW),cts_Fast_Total_Power(nW),cts_Slow_Total_Power(nW),cts_Typical_Total_Power(nW),floorplan_Fast_Total_Power(nW),floorplan_Slow_Total_Power(nW),floorplan_Typical_Total_Power(nW),placement_Fast_Total_Power(nW),placement_Slow_Total_Power(nW),placement_Typical_Total_Power(nW),route_Fast_Total_Power(nW),route_Slow_Total_Power(nW),route_Typical_Total_Power(nW),chipfinish_FUNC_Fast_(Setup)_WNS,chipfinish_FUNC_Slow_(Setup)_WNS,chipfinish_FUNC_Typical_(Setup)_WNS,cts_FUNC_Fast_(Setup)_WNS,cts_FUNC_Slow_(Setup)_WNS,cts_FUNC_Typical_(Setup)_WNS,floorplan_FUNC_Fast_(Setup)_WNS,floorplan_FUNC_Slow_(Setup)_WNS,floorplan_FUNC_Typical_(Setup)_WNS,floorplan.zwlm_FUNC_Fast_(Setup)_WNS,floorplan.zwlm_FUNC_Slow_(Setup)_WNS,floorplan.zwlm_FUNC_Typical_(Setup)_WNS,placement_FUNC_Fast_(Setup)_WNS,placement_FUNC_Slow_(Setup)_WNS,placement_FUNC_Typical_(Setup)_WNS,route_FUNC_Fast_(Setup)_WNS,route_FUNC_Slow_(Setup)_WNS,route_FUNC_Typical_(Setup)_WNS,route.no_si_FUNC_Fast_(Setup)_WNS,route.no_si_FUNC_Slow_(Setup)_WNS,route.no_si_FUNC_Typical_(Setup)_WNS,Frequency
RocketTile_0,3.0,56.0,512.0,64.0,1.0,8.0,4.0,0.0,64.0,4.0,4.0,3.0,45869.423,45869.423,45869.423,45869.423,45869.423,23008000.0,9892000.0,14052000.0,22803000.0,9804300.0,13911000.0,23382000.0,9325000.0,13543000.0,22752000.0,9341100.0,13471000.0,22999000.0,9888000.0,14046000.0,0.3937,-0.0679,0.2587,0.4005,0.0,0.2674,-0.2621,-1.4313,-0.6073,0.3836,-0.4504,0.1555,0.4079,-0.0003,0.2809,0.3933,-0.0615,0.2599,0.4452,-0.0234,0.3142,800
RocketTile_1,12.0,14.0,0.0,32.0,1.0,20.0,4.0,1.0,64.0,1.0,12.0,2.0,27769.716,27769.716,27769.716,27769.716,27769.716,13848000.0,5882500.0,8495800.0,13643000.0,5796900.0,8357900.0,14389000.0,5309000.0,8035300.0,13831000.0,5347900.0,7988800.0,13842000.0,5879800.0,8492000.0,0.4212,-0.0653,0.2911,0.4492,-0.0,0.317,-0.2476,-1.5234,-0.6379,0.3621,-0.4753,0.1204,0.444,-0.0004,0.2915,0.4233,-0.0615,0.2938,0.4648,-0.0261,0.335,800
RocketTile_2,6.0,42.0,0.0,64.0,2.0,4.0,8.0,1.0,32.0,4.0,32.0,3.0,46827.8712,46827.8712,46827.8712,46827.8712,46827.8712,24466000.0,10920000.0,15372000.0,24307000.0,10838000.0,15249000.0,24892000.0,10282000.0,14833000.0,24440000.0,10311000.0,14796000.0,24459000.0,10918000.0,15367000.0,0.3623,-0.0562,0.2402,0.4164,-0.0001,0.2765,-0.4132,-1.7674,-0.8153,0.3933,-0.4492,0.1561,0.4295,-0.0008,0.2875,0.3653,-0.0497,0.2435,0.4668,-0.0276,0.3238,800
RocketTile_3,3.0,0.0,512.0,32.0,1.0,16.0,4.0,0.0,32.0,2.0,12.0,2.0,27149.3006,27149.3006,27149.3006,27149.3006,27149.3006,13894000.0,6213000.0,8763300.0,13737000.0,6154800.0,8666500.0,14434000.0,5829000.0,8480500.0,13948000.0,5846600.0,8430100.0,13891000.0,6212300.0,8761900.0,0.4512,-0.0604,0.321,0.4738,-0.0001,0.3321,-0.2342,-1.3867,-0.5951,0.3608,-0.4346,0.1367,0.4484,-0.0001,0.3079,0.4534,-0.0556,0.3239,0.4932,-0.0205,0.3486,800
RocketTile_4,6.0,0.0,1024.0,64.0,4.0,32.0,8.0,0.0,32.0,1.0,4.0,1.0,42840.9173,42840.9173,42840.9173,42840.9173,42840.9173,20287000.0,8356100.0,11916000.0,20101000.0,8290000.0,11800000.0,20535000.0,7844300.0,11428000.0,20090000.0,7884200.0,11410000.0,20279000.0,8353000.0,11911000.0,0.3542,-0.0555,0.2459,0.4199,-0.0,0.2924,-0.2425,-1.4474,-0.6022,0.3868,-0.4345,0.161,0.4394,-0.0008,0.3062,0.3561,-0.0511,0.2433,0.4519,-0.0239,0.3227,800
RocketTile_5,3.0,14.0,1024.0,32.0,1.0,20.0,4.0,0.0,32.0,4.0,28.0,1.0,35030.9232,35030.9232,35030.9232,35030.9232,35030.9232,18910000.0,8697800.0,11967000.0,18775000.0,8630500.0,11871000.0,562230000.0,372260000.0,460530000.0,561730000.0,372360000.0,460450000.0,18908000.0,8697200.0,11965000.0,0.4338,-0.0539,0.3011,0.4525,-0.0,0.3126,-187.4026,-373.2678,-227.5792,0.3739,-0.4499,0.1542,0.4388,-0.0002,0.3052,0.436,-0.0468,0.3031,0.4843,-0.0264,0.3437,800
RocketTile_6,0.0,56.0,512.0,64.0,4.0,4.0,4.0,1.0,64.0,2.0,12.0,1.0,51731.905,51731.905,51731.905,51731.905,51731.905,23921000.0,9809000.0,13958000.0,23725000.0,9725500.0,13824000.0,23961000.0,9064400.0,13233000.0,23575000.0,9112600.0,13225000.0,23913000.0,9806100.0,13953000.0,0.3922,-0.0593,0.2747,0.4007,0.0,0.2744,-0.2358,-1.3077,-0.5667,0.393,-0.4486,0.1567,0.425,-0.0014,0.3026,0.3935,-0.0526,0.2767,0.4745,-0.0251,0.3346,800
RocketTile_7,3.0,14.0,512.0,64.0,4.0,16.0,4.0,0.0,64.0,2.0,28.0,2.0,52048.98,52048.98,52048.98,52048.98,52048.98,26010000.0,10804000.0,15402000.0,25874000.0,10727000.0,15288000.0,26097000.0,10203000.0,14805000.0,25593000.0,10235000.0,14763000.0,26000000.0,10800000.0,15396000.0,0.3205,-0.0687,0.2094,0.357,-0.0001,0.2388,-0.5312,-1.5839,-0.8802,0.3935,-0.4293,0.163,0.4078,-0.0003,0.2916,0.3224,-0.0606,0.2134,0.4368,-0.0255,0.3153,800
RocketTile_8,6.0,28.0,0.0,32.0,1.0,24.0,4.0,0.0,64.0,1.0,16.0,3.0,26291.1542,26291.1542,26291.1542,26291.1542,26291.1542,14208000.0,6235900.0,8978200.0,14053000.0,6175400.0,8879400.0,14636000.0,5815500.0,8637400.0,14181000.0,5835900.0,8596200.0,14204000.0,6234300.0,8975900.0,0.4274,-0.0611,0.3089,0.4705,0.0,0.3288,-0.2427,-1.4087,-0.6032,0.3643,-0.4534,0.1434,0.4411,-0.0,0.3033,0.4277,-0.0515,0.3085,0.5045,-0.0267,0.3616,800
RocketTile_9,3.0,0.0,128.0,32.0,4.0,28.0,8.0,0.0,64.0,1.0,32.0,2.0,38572.7573,38572.7573,38572.7573,38572.7573,38572.7573,20793000.0,9281900.0,13041000.0,20642000.0,9217800.0,12940000.0,21152000.0,8749400.0,12579000.0,20645000.0,8784000.0,12541000.0,20787000.0,9279300.0,13037000.0,0.3855,-0.0721,0.2642,0.4289,-0.0001,0.3046,-0.2706,-1.488,-0.6415,0.3662,-0.4416,0.1437,0.4406,-0.0001,0.3003,0.3816,-0.062,0.2668,0.4769,-0.0223,0.3508,800
RocketTile_10,12.0,56.0,128.0,32.0,1.0,16.0,8.0,0.0,32.0,2.0,16.0,1.0,28201.32,28201.32,28201.32,28201.32,28201.32,13495000.0,5822000.0,8249300.0,13283000.0,5741100.0,8113300.0,14023000.0,5311800.0,7814100.0,13439000.0,5342600.0,7761400.0,13491000.0,5820200.0,8246600.0,0.4223,-0.0564,0.3002,0.4556,0.0001,0.3171,-0.3006,-1.4298,-0.6576,0.3701,-0.4406,0.1506,0.4466,-0.0004,0.3075,0.4239,-0.0498,0.3043,0.4687,-0.0308,0.343,800
RocketTile_11,0.0,14.0,1024.0,32.0,2.0,24.0,4.0,0.0,64.0,1.0,16.0,1.0,28044.3557,28044.3557,28044.3557,28044.3557,28044.3557,13146000.0,5634300.0,7955500.0,12985000.0,5576100.0,7862300.0,13614000.0,5202200.0,7623200.0,13156000.0,5225700.0,7585600.0,13143000.0,5632900.0,7953300.0,0.4484,-0.0582,0.3087,0.4664,0.0,0.3305,-0.3299,-1.4498,-0.6915,0.3595,-0.4473,0.132,0.4414,-0.0007,0.3014,0.4513,-0.0487,0.3118,0.4967,-0.0293,0.3545,800
RocketTile_12,3.0,0.0,512.0,64.0,1.0,12.0,8.0,1.0,32.0,2.0,32.0,1.0,30218.0803,30218.0803,30218.0803,30218.0803,30218.0803,13824000.0,5807400.0,8267000.0,13616000.0,5721500.0,8127700.0,14343000.0,5272400.0,7838700.0,13804000.0,5286100.0,7768300.0,13818000.0,5804500.0,8262800.0,0.4511,-0.0538,0.3157,0.4693,-0.0001,0.3259,-0.2147,-1.4117,-0.5756,0.3703,-0.447,0.1516,0.438,-0.0021,0.2969,0.4549,-0.0491,0.3174,0.4959,-0.0242,0.3558,800
RocketTile_13,9.0,42.0,128.0,64.0,2.0,24.0,8.0,0.0,32.0,4.0,12.0,1.0,43205.5714,43205.5714,43205.5714,43205.5714,43205.5714,20360000.0,8867400.0,12352000.0,20185000.0,8794100.0,12237000.0,20801000.0,8295500.0,11889000.0,20348000.0,8323900.0,11857000.0,20354000.0,8865200.0,12348000.0,0.3871,-0.0574,0.2466,0.4371,-0.0001,0.2981,-0.2525,-1.3878,-0.5661,0.3842,-0.4436,0.1578,0.4274,-0.0001,0.2933,0.39,-0.0537,0.2504,0.4442,-0.0252,0.3017,800
RocketTile_14,0.0,28.0,512.0,32.0,2.0,8.0,8.0,1.0,64.0,2.0,32.0,1.0,35778.289,35778.289,35778.289,35778.289,35778.289,16452000.0,7006400.0,9889600.0,16244000.0,6922200.0,9754800.0,16898000.0,6427800.0,9413000.0,16405000.0,6446900.0,9357200.0,16447000.0,7004600.0,9886700.0,0.4146,-0.0603,0.2925,0.4275,0.0,0.2957,-0.3176,-1.5239,-0.6836,0.3887,-0.4379,0.1551,0.4315,-0.0001,0.2903,0.4157,-0.0574,0.2939,0.4809,-0.0217,0.3421,800
RocketTile_15,3.0,0.0,1024.0,64.0,1.0,24.0,8.0,0.0,64.0,1.0,4.0,3.0,28182.168,28182.168,28182.168,28182.168,28182.168,14557000.0,6205000.0,9002500.0,14412000.0,6145000.0,8905100.0,14971000.0,5789000.0,8660400.0,14542000.0,5813800.0,8626100.0,14554000.0,6203900.0,9000700.0,0.4518,-0.0562,0.314,0.4709,0.0,0.333,-0.3497,-1.592,-0.7401,0.3568,-0.4397,0.1292,0.4395,-0.0022,0.3001,0.4532,-0.0486,0.3171,0.5044,-0.0226,0.3581,800
RocketTile_16,12.0,42.0,128.0,32.0,4.0,32.0,8.0,0.0,64.0,1.0,8.0,3.0,41854.3978,41854.3978,41854.3978,41854.3978,41854.3978,23713000.0,10667000.0,15046000.0,23520000.0,10582000.0,14915000.0,24126000.0,10008000.0,14489000.0,23628000.0,10054000.0,14465000.0,23707000.0,10664000.0,15041000.0,0.3617,-0.0633,0.2417,0.3758,-0.0001,0.2567,-0.4668,-1.5319,-0.7842,0.3816,-0.424,0.1725,0.431,-0.0001,0.3009,0.3662,-0.0593,0.2477,0.426,-0.0249,0.3035,800
RocketTile_17,9.0,0.0,0.0,64.0,1.0,8.0,8.0,0.0,64.0,1.0,24.0,1.0,25406.6054,25406.6054,25406.6054,25406.6054,25406.6054,10841000.0,4374800.0,6302700.0,10718000.0,4319700.0,6217600.0,11322000.0,3981300.0,6002300.0,10886000.0,4000100.0,5962500.0,10839000.0,4374100.0,6301600.0,0.4576,-0.0524,0.3295,0.4734,-0.0,0.332,-0.2035,-1.3352,-0.5536,0.3625,-0.4292,0.1391,0.441,-0.0001,0.3063,0.4589,-0.048,0.3313,0.5044,-0.0289,0.3653,800
RocketTile_18,3.0,42.0,512.0,64.0,2.0,20.0,4.0,1.0,32.0,1.0,32.0,2.0,36625.3272,36625.3272,36625.3272,36625.3272,36625.3272,19104000.0,7874900.0,11406000.0,18872000.0,7773800.0,11245000.0,19430000.0,7219200.0,10798000.0,18893000.0,7245600.0,10749000.0,19097000.0,7872600.0,11401000.0,0.3976,-0.0622,0.2699,0.4453,0.0,0.3085,-0.2797,-1.4939,-0.6448,0.3837,-0.4725,0.138,0.4478,-0.0004,0.3128,0.4001,-0.0592,0.2723,0.4808,-0.0279,0.3449,800
RocketTile_19,12.0,42.0,512.0,64.0,2.0,16.0,4.0,0.0,32.0,1.0,24.0,1.0,32431.86,32431.86,32431.86,32431.86,32431.86,15764000.0,6433700.0,9222800.0,15584000.0,6353900.0,9098700.0,16138000.0,5921000.0,8772100.0,15574000.0,5940300.0,8715800.0,15759000.0,6431700.0,9219600.0,0.423,-0.0658,0.2883,0.4501,0.0,0.3178,-0.3011,-1.4443,-0.6652,0.3935,-0.4399,0.1579,0.4381,-0.001,0.2903,0.4231,-0.0584,0.2901,0.4928,-0.0272,0.3431,800
RocketTile_20,12.0,56.0,1024.0,32.0,1.0,32.0,4.0,0.0,64.0,4.0,12.0,2.0,43424.0957,43424.0957,43424.0957,43424.0957,43424.0957,22214000.0,9676100.0,13584000.0,22029000.0,9582300.0,13445000.0,565440000.0,373160000.0,462080000.0,564810000.0,373300000.0,462010000.0,22204000.0,9671800.0,13577000.0,0.3745,-0.0511,0.2633,0.4264,-0.0,0.2979,-187.4995,-373.5355,-227.6846,0.3731,-0.4674,0.1354,0.4169,-0.0001,0.2912,0.3774,-0.0441,0.2664,0.4688,-0.0264,0.3425,800
RocketTile_21,12.0,14.0,0.0,64.0,4.0,24.0,8.0,1.0,64.0,4.0,8.0,2.0,64033.5355,64033.5355,64033.5355,64033.5355,64033.5355,30154000.0,12648000.0,17922000.0,29897000.0,12554000.0,17771000.0,30239000.0,11823000.0,17141000.0,29839000.0,11879000.0,17139000.0,30144000.0,12644000.0,17916000.0,0.3533,-0.0704,0.2269,0.3946,-0.0003,0.2687,-0.3179,-1.568,-0.6887,0.3783,-0.4404,0.1671,0.4116,0.0,0.293,0.3531,-0.053,0.2298,0.4278,-0.0204,0.3009,800
RocketTile_22,12.0,42.0,512.0,64.0,2.0,12.0,8.0,0.0,64.0,4.0,20.0,2.0,50724.2635,50724.2635,50724.2635,50724.2635,50724.2635,24112000.0,10133000.0,14343000.0,23961000.0,10048000.0,14218000.0,24263000.0,9511400.0,13760000.0,23778000.0,9534100.0,13720000.0,24104000.0,10130000.0,14338000.0,0.2686,-0.0817,0.1607,0.3883,0.0,0.274,-0.3313,-1.544,-0.7049,0.3854,-0.4475,0.1647,0.4097,-0.001,0.2846,0.2708,-0.0744,0.1645,0.4354,-0.0355,0.326,800
RocketTile_23,9.0,42.0,512.0,64.0,4.0,12.0,4.0,1.0,64.0,1.0,16.0,2.0,50647.2725,50647.2725,50647.2725,50647.2725,50647.2725,25605000.0,10677000.0,15294000.0,25344000.0,10573000.0,15118000.0,26011000.0,9859400.0,14550000.0,25445000.0,9888300.0,14496000.0,25596000.0,10674000.0,15288000.0,0.3932,-0.0595,0.2705,0.4181,0.0,0.285,-0.4429,-1.7003,-0.8256,0.3935,-0.447,0.157,0.4244,-0.0002,0.2926,0.3948,-0.048,0.2727,0.4452,-0.0274,0.314,800
RocketTile_24,3.0,28.0,0.0,32.0,4.0,12.0,4.0,0.0,64.0,1.0,20.0,1.0,37072.2254,37072.2254,37072.2254,37072.2254,37072.2254,18896000.0,8354500.0,11674000.0,18790000.0,8300800.0,11596000.0,19361000.0,7893100.0,11307000.0,18926000.0,7924100.0,11279000.0,18890000.0,8351900.0,11670000.0,0.3613,-0.0572,0.2644,0.4352,-0.0,0.3029,-0.2623,-1.4157,-0.6235,0.3968,-0.4382,0.1592,0.4252,-0.0001,0.3013,0.362,-0.0513,0.2466,0.4671,-0.0202,0.3439,800
RocketTile_25,0.0,28.0,256.0,64.0,4.0,32.0,8.0,1.0,64.0,1.0,16.0,1.0,47332.9915,47332.9915,47332.9915,47332.9915,47332.9915,22007000.0,8900500.0,12780000.0,21732000.0,8801900.0,12609000.0,22264000.0,8201900.0,12134000.0,21783000.0,8244100.0,12101000.0,22002000.0,8898700.0,12777000.0,0.3754,-0.0545,0.2633,0.4049,-0.0,0.2824,-0.233,-1.4845,-0.6186,0.3954,-0.4245,0.1627,0.4437,0.0,0.3075,0.377,-0.0507,0.2653,0.4532,-0.0275,0.3355,800
RocketTile_26,0.0,56.0,1024.0,64.0,2.0,8.0,4.0,1.0,64.0,4.0,24.0,1.0,49416.6197,49416.6197,49416.6197,49416.6197,49416.6197,21369000.0,8834200.0,12502000.0,21131000.0,8751500.0,12363000.0,21702000.0,8246300.0,11977000.0,21270000.0,8278500.0,11945000.0,21363000.0,8832100.0,12498000.0,0.3608,-0.0571,0.2471,0.4166,-0.0,0.2829,-0.2611,-1.4233,-0.6177,0.3914,-0.4445,0.1552,0.4343,-0.0003,0.2975,0.3622,-0.0478,0.2475,0.4389,-0.0328,0.312,800
RocketTile_27,12.0,42.0,256.0,64.0,2.0,8.0,4.0,0.0,32.0,1.0,4.0,1.0,32202.1181,32202.1181,32202.1181,32202.1181,32202.1181,15091000.0,6127000.0,8792600.0,14955000.0,6055200.0,8687700.0,15527000.0,5636100.0,8391300.0,15001000.0,5656900.0,8340000.0,15086000.0,6125200.0,8789700.0,0.4124,-0.0519,0.2907,0.4497,0.0,0.3077,-0.2751,-1.4689,-0.6431,0.3838,-0.4448,0.1551,0.4236,-0.0001,0.2846,0.4143,-0.0465,0.2947,0.4741,-0.0215,0.3252,800
RocketTile_28,12.0,42.0,256.0,32.0,2.0,16.0,4.0,1.0,32.0,2.0,24.0,1.0,35073.6048,35073.6048,35073.6048,35073.6048,35073.6048,17702000.0,7670100.0,10807000.0,17458000.0,7570500.0,10643000.0,18134000.0,6979500.0,10218000.0,17637000.0,7023200.0,10189000.0,17695000.0,7667400.0,10803000.0,0.3868,-0.0688,0.2768,0.4507,-0.0,0.3108,-0.3119,-1.4168,-0.6607,0.383,-0.4512,0.155,0.4395,-0.0015,0.3028,0.3878,-0.0606,0.2788,0.4835,-0.0238,0.3395,800
RocketTile_29,3.0,42.0,256.0,64.0,2.0,8.0,4.0,0.0,32.0,2.0,32.0,2.0,37072.2254,37072.2254,37072.2254,37072.2254,37072.2254,18458000.0,7917800.0,11235000.0,18289000.0,7846500.0,11120000.0,19086000.0,7424200.0,10877000.0,18540000.0,7443800.0,10809000.0,18452000.0,7915400.0,11232000.0,0.4086,-0.0535,0.2902,0.4218,-0.0,0.3013,-0.2779,-1.4615,-0.6312,0.3691,-0.4703,0.1244,0.4365,-0.0,0.3089,0.4061,-0.0482,0.2931,0.459,-0.0243,0.3375,800
RocketTile_30,3.0,42.0,256.0,64.0,4.0,16.0,8.0,0.0,32.0,1.0,4.0,1.0,44751.9038,44751.9038,44751.9038,44751.9038,44751.9038,21568000.0,8882600.0,12643000.0,21427000.0,8803700.0,12529000.0,21869000.0,8306700.0,12140000.0,21423000.0,8323600.0,12096000.0,21561000.0,8879700.0,12638000.0,0.3702,-0.0565,0.2567,0.3754,-0.0001,0.2551,-0.2366,-1.4795,-0.6067,0.4078,-0.4236,0.1727,0.3958,-0.0001,0.2748,0.3748,-0.0453,0.263,0.4419,-0.0252,0.3167,800
RocketTile_31,0.0,42.0,0.0,32.0,4.0,4.0,8.0,1.0,32.0,4.0,24.0,3.0,52236.697,52236.697,52236.697,52236.697,52236.697,29835000.0,13734000.0,19164000.0,29595000.0,13649000.0,19016000.0,29934000.0,12999000.0,18443000.0,29532000.0,13050000.0,18434000.0,29826000.0,13730000.0,19159000.0,0.3425,-0.0623,0.2273,0.3574,-0.0001,0.2531,-0.2566,-1.4895,-0.628,0.3809,-0.4511,0.1427,0.4248,-0.0012,0.3066,0.345,-0.0589,0.2295,0.4135,-0.0283,0.2956,800
RocketTile_32,9.0,56.0,128.0,32.0,4.0,28.0,8.0,1.0,32.0,4.0,12.0,3.0,55108.2658,55108.2658,55108.2658,55108.2658,55108.2658,31199000.0,14232000.0,19916000.0,30938000.0,14127000.0,19745000.0,31538000.0,13404000.0,19166000.0,31042000.0,13460000.0,19147000.0,31189000.0,14228000.0,19910000.0,0.3926,-0.0762,0.2607,0.4071,0.0,0.2835,-0.389,-1.782,-0.7909,0.3739,-0.478,0.1297,0.4181,-0.0019,0.2887,0.3969,-0.0535,0.2701,0.4587,-0.0247,0.3327,800
RocketTile_33,12.0,28.0,512.0,64.0,1.0,32.0,8.0,0.0,32.0,4.0,16.0,1.0,37006.3973,37006.3973,37006.3973,37006.3973,37006.3973,18283000.0,8168600.0,11313000.0,18094000.0,8089700.0,11189000.0,18709000.0,7603900.0,10838000.0,18190000.0,7588100.0,10748000.0,18276000.0,8165600.0,11308000.0,0.4123,-0.0596,0.2866,0.4106,0.0001,0.2806,-0.3619,-1.5627,-0.7285,0.3915,-0.4459,0.154,0.4092,-0.0003,0.279,0.4159,-0.0533,0.2903,0.4691,-0.0225,0.3326,800
RocketTile_34,12.0,0.0,128.0,64.0,4.0,20.0,8.0,1.0,32.0,1.0,24.0,3.0,48718.8576,48718.8576,48718.8576,48718.8576,48718.8576,25472000.0,10825000.0,15531000.0,25253000.0,10731000.0,15386000.0,25834000.0,10129000.0,14913000.0,25352000.0,10204000.0,14919000.0,25465000.0,10822000.0,15526000.0,0.3538,-0.0604,0.2346,0.424,-0.0,0.2958,-0.2014,-1.4309,-0.5744,0.3876,-0.4348,0.1692,0.4409,-0.0028,0.2993,0.3542,-0.0553,0.239,0.4484,-0.0266,0.3253,800
RocketTile_35,9.0,42.0,0.0,32.0,1.0,20.0,4.0,0.0,32.0,1.0,8.0,3.0,24813.3312,24813.3312,24813.3312,24813.3312,24813.3312,13851000.0,6228600.0,8900600.0,13696000.0,6167000.0,8802700.0,14420000.0,5799500.0,8589100.0,13896000.0,5818500.0,8534300.0,13848000.0,6227300.0,8898500.0,0.4368,-0.0589,0.3083,0.4732,-0.0,0.3308,-0.2573,-1.4031,-0.6182,0.3608,-0.4554,0.1339,0.4333,-0.0002,0.3114,0.4383,-0.0533,0.3099,0.5025,-0.0244,0.3622,800
RocketTile_36,9.0,0.0,0.0,64.0,1.0,28.0,8.0,1.0,32.0,4.0,12.0,2.0,39497.3885,39497.3885,39497.3885,39497.3885,39497.3885,20014000.0,8814000.0,12458000.0,19753000.0,8718600.0,12298000.0,20283000.0,8202400.0,11876000.0,19803000.0,8241200.0,11840000.0,20003000.0,8808800.0,12451000.0,0.3595,-0.056,0.236,0.4231,-0.0,0.279,-0.3562,-1.7253,-0.7547,0.3789,-0.44,0.158,0.4525,-0.0008,0.3137,0.362,-0.0504,0.2384,0.4502,-0.0252,0.3182,800
RocketTile_37,12.0,56.0,1024.0,64.0,2.0,4.0,8.0,0.0,32.0,4.0,4.0,2.0,45869.423,45869.423,45869.423,45869.423,45869.423,24450000.0,10898000.0,15231000.0,24206000.0,10811000.0,15080000.0,567770000.0,374320000.0,463650000.0,567220000.0,374480000.0,463610000.0,24443000.0,10895000.0,15227000.0,0.3846,-0.0684,0.259,0.415,-0.0021,0.2889,-187.5064,-373.5847,-227.7085,0.39,-0.4693,0.1449,0.4204,0.0,0.2839,0.3848,-0.0548,0.26,0.4502,-0.0285,0.3215,800
RocketTile_38,0.0,28.0,0.0,32.0,1.0,24.0,8.0,0.0,64.0,2.0,12.0,3.0,31533.768,31533.768,31533.768,31533.768,31533.768,16149000.0,7136800.0,10148000.0,16007000.0,7075300.0,10054000.0,16705000.0,6693000.0,9825200.0,16174000.0,6716700.0,9771000.0,16144000.0,7134900.0,10145000.0,0.3802,-0.0664,0.262,0.457,0.0,0.3161,-0.3897,-1.6462,-0.7727,0.3673,-0.4483,0.1412,0.449,-0.0,0.3017,0.3835,-0.0584,0.2627,0.4894,-0.0211,0.3588,800
RocketTile_39,3.0,56.0,0.0,64.0,1.0,32.0,8.0,0.0,32.0,2.0,32.0,2.0,29050.9848,29050.9848,29050.9848,29050.9848,29050.9848,14348000.0,6248200.0,8874200.0,14194000.0,6187100.0,8773500.0,14760000.0,5809600.0,8506900.0,14266000.0,5828400.0,8456600.0,14344000.0,6246800.0,8871800.0,0.4453,-0.0602,0.3154,0.4715,0.0,0.334,-0.2383,-1.378,-0.5903,0.3612,-0.4483,0.135,0.4385,-0.0002,0.298,0.4509,-0.0564,0.3192,0.5014,-0.0274,0.3637,800
RocketTile_40,9.0,42.0,256.0,64.0,2.0,32.0,4.0,1.0,64.0,4.0,16.0,2.0,53554.5187,53554.5187,53554.5187,53554.5187,53554.5187,24791000.0,10424000.0,14789000.0,24544000.0,10319000.0,14621000.0,25326000.0,9667400.0,14174000.0,24847000.0,9705500.0,14141000.0,24783000.0,10421000.0,14784000.0,0.3627,-0.0504,0.2398,0.3781,-0.0,0.2633,-0.3142,-1.5008,-0.6695,0.373,-0.4689,0.1347,0.4298,-0.0019,0.291,0.3659,-0.0457,0.2404,0.4579,-0.0231,0.3362,800
RocketTile_41,3.0,0.0,256.0,32.0,2.0,4.0,8.0,0.0,64.0,2.0,12.0,3.0,36089.9194,36089.9194,36089.9194,36089.9194,36089.9194,18820000.0,8338100.0,11821000.0,18671000.0,8277900.0,11723000.0,19252000.0,7862400.0,11426000.0,18784000.0,7901300.0,11401000.0,18815000.0,8336000.0,11818000.0,0.4518,-0.0597,0.3166,0.4408,-0.0,0.31,-0.2836,-1.3406,-0.6005,0.3719,-0.4273,0.1485,0.4476,-0.0001,0.3061,0.4541,-0.057,0.3217,0.4768,-0.0263,0.3363,800
RocketTile_42,9.0,0.0,1024.0,64.0,4.0,24.0,8.0,1.0,64.0,4.0,4.0,1.0,62563.2638,62563.2638,62563.2638,62563.2638,62563.2638,28233000.0,11679000.0,16518000.0,28012000.0,11587000.0,16371000.0,28320000.0,10925000.0,15787000.0,27930000.0,10981000.0,15787000.0,28223000.0,11676000.0,16512000.0,0.3692,-0.136,0.248,0.4248,-0.0001,0.2877,-0.304,-1.5287,-0.6882,0.3633,-0.4363,0.1422,0.4319,-0.0004,0.2934,0.3707,-0.1213,0.2493,0.4515,-0.0382,0.3171,800
RocketTile_43,3.0,56.0,1024.0,32.0,2.0,16.0,8.0,0.0,64.0,2.0,16.0,1.0,36289.6747,36289.6747,36289.6747,36289.6747,36289.6747,18571000.0,7973300.0,11251000.0,18463000.0,7901000.0,11150000.0,561850000.0,371530000.0,459780000.0,561310000.0,371690000.0,459740000.0,18565000.0,7971300.0,11248000.0,0.423,-0.0583,0.2942,0.4373,-0.0,0.3037,-187.2323,-373.2172,-227.5246,0.3823,-0.4452,0.1541,0.4341,-0.0001,0.3009,0.4261,-0.0497,0.2939,0.4655,-0.0284,0.3246,800
RocketTile_44,0.0,56.0,1024.0,64.0,4.0,20.0,8.0,0.0,64.0,1.0,16.0,1.0,44356.7707,44356.7707,44356.7707,44356.7707,44356.7707,20348000.0,8314800.0,11858000.0,20231000.0,8261700.0,11777000.0,20753000.0,7845200.0,11462000.0,20248000.0,7861100.0,11406000.0,20341000.0,8312100.0,11854000.0,0.377,-0.0689,0.2568,0.4088,-0.0001,0.2835,-0.3883,-1.6924,-0.7911,0.386,-0.4521,0.1537,0.4112,-0.0004,0.299,0.3789,-0.0639,0.2588,0.459,-0.0339,0.3396,800
RocketTile_45,12.0,42.0,128.0,64.0,2.0,12.0,4.0,0.0,64.0,4.0,20.0,3.0,51731.905,51731.905,51731.905,51731.905,51731.905,24816000.0,10597000.0,15041000.0,24601000.0,10517000.0,14910000.0,25150000.0,9951400.0,14473000.0,24672000.0,10002000.0,14455000.0,24809000.0,10594000.0,15036000.0,0.3611,-0.0872,0.2421,0.4274,0.0,0.2935,-0.3349,-1.544,-0.7059,0.3729,-0.4699,0.1359,0.3868,-0.0011,0.2685,0.3637,-0.0581,0.2451,0.4671,-0.0255,0.3445,800
RocketTile_46,6.0,28.0,1024.0,32.0,1.0,4.0,8.0,0.0,64.0,1.0,8.0,1.0,25874.4888,25874.4888,25874.4888,25874.4888,25874.4888,13819000.0,5812700.0,8302100.0,13648000.0,5730600.0,8178000.0,556970000.0,369420000.0,456870000.0,556370000.0,369530000.0,456770000.0,13814000.0,5810600.0,8298800.0,0.4536,-0.049,0.3227,0.4723,-0.0,0.3255,-187.357,-373.3582,-227.565,0.3822,-0.4433,0.1558,0.4492,-0.0001,0.305,0.4541,-0.043,0.325,0.5039,-0.0259,0.3566,800
RocketTile_47,3.0,28.0,128.0,32.0,4.0,12.0,8.0,0.0,32.0,2.0,28.0,3.0,43595.5608,43595.5608,43595.5608,43595.5608,43595.5608,25168000.0,11505000.0,16113000.0,24996000.0,11431000.0,15996000.0,25550000.0,10870000.0,15560000.0,25017000.0,10921000.0,15532000.0,25160000.0,11501000.0,16108000.0,0.3107,-0.055,0.2032,0.3856,-0.0,0.2704,-0.3516,-1.5758,-0.7294,0.3665,-0.5063,0.1176,0.4213,0.0,0.2983,0.3129,-0.047,0.2021,0.4319,-0.0308,0.3197,800
RocketTile_48,0.0,56.0,256.0,32.0,2.0,32.0,4.0,1.0,64.0,1.0,4.0,1.0,31057.1842,31057.1842,31057.1842,31057.1842,31057.1842,14782000.0,6156100.0,8849100.0,14578000.0,6071200.0,8709600.0,15131000.0,5555400.0,8294600.0,14675000.0,5599100.0,8265900.0,14778000.0,6154600.0,8846600.0,0.4508,-0.0579,0.3155,0.4709,0.0001,0.3302,-0.2847,-1.5157,-0.6686,0.3816,-0.4479,0.1575,0.4516,0.0,0.3147,0.4532,-0.0539,0.3188,0.5158,-0.0235,0.366,800
RocketTile_49,0.0,0.0,0.0,64.0,1.0,12.0,8.0,1.0,64.0,1.0,8.0,1.0,27925.9142,27925.9142,27925.9142,27925.9142,27925.9142,12228000.0,4813000.0,7044400.0,11948000.0,4726100.0,6880600.0,12655000.0,4310200.0,6607700.0,12153000.0,4337800.0,6558800.0,12221000.0,4810000.0,7040000.0,0.4277,-0.0594,0.2902,0.4707,0.0,0.3303,-0.2817,-1.6433,-0.6992,0.3816,-0.448,0.1568,0.4421,-0.0,0.3002,0.4299,-0.0553,0.2934,0.4823,-0.0279,0.3466,800
RocketTile_50,0.0,14.0,0.0,32.0,1.0,16.0,4.0,1.0,64.0,4.0,4.0,3.0,44602.272,44602.272,44602.272,44602.272,44602.272,22247000.0,9754100.0,13856000.0,22011000.0,9661100.0,13707000.0,22655000.0,9154400.0,13332000.0,22123000.0,9182900.0,13279000.0,22239000.0,9750500.0,13851000.0,0.4043,-0.06,0.2778,0.4382,-0.0,0.2995,-0.2671,-1.4883,-0.6339,0.3788,-0.4206,0.1696,0.4367,-0.0004,0.3043,0.4051,-0.0527,0.2809,0.4802,-0.0269,0.348,800
RocketTile_51,9.0,0.0,1024.0,64.0,1.0,12.0,8.0,0.0,32.0,1.0,12.0,2.0,25370.2714,25370.2714,25370.2714,25370.2714,25370.2714,12508000.0,5292000.0,7642700.0,12352000.0,5232700.0,7543200.0,12949000.0,4842100.0,7257400.0,12311000.0,4860700.0,7183200.0,12506000.0,5291500.0,7641700.0,0.4722,-0.0568,0.3279,0.4815,0.0,0.3339,-0.21,-1.4106,-0.5694,0.3664,-0.4448,0.1443,0.4532,-0.0005,0.3114,0.4757,-0.0517,0.331,0.5096,-0.0298,0.3611,800
RocketTile_52,9.0,14.0,256.0,64.0,1.0,12.0,8.0,0.0,64.0,2.0,4.0,2.0,33217.776,33217.776,33217.776,33217.776,33217.776,15757000.0,6622400.0,9479600.0,15564000.0,6545800.0,9354300.0,16245000.0,6164400.0,9106400.0,15703000.0,6171600.0,9036700.0,15749000.0,6619000.0,9474400.0,0.4289,-0.0723,0.3042,0.4655,-0.0,0.3219,-0.2385,-1.4706,-0.5938,0.3905,-0.4303,0.1655,0.4439,-0.001,0.2914,0.431,-0.0626,0.3073,0.4915,-0.0209,0.3417,800
RocketTile_53,6.0,14.0,128.0,32.0,1.0,12.0,4.0,1.0,32.0,4.0,20.0,3.0,39870.3053,39870.3053,39870.3053,39870.3053,39870.3053,22063000.0,10113000.0,14172000.0,21840000.0,10016000.0,14021000.0,22531000.0,9452100.0,13635000.0,22017000.0,9476700.0,13580000.0,22057000.0,10110000.0,14168000.0,0.3878,-0.0858,0.2577,0.4122,-0.0,0.2837,-0.3266,-1.5605,-0.7028,0.3781,-0.5249,0.1195,0.4347,-0.0001,0.3037,0.3899,-0.0481,0.2608,0.4556,-0.0307,0.3183,800
RocketTile_54,9.0,28.0,0.0,64.0,2.0,24.0,4.0,1.0,32.0,2.0,24.0,2.0,38299.8413,38299.8413,38299.8413,38299.8413,38299.8413,18989000.0,8014400.0,11514000.0,18732000.0,7929200.0,11360000.0,19293000.0,7407500.0,10934000.0,18814000.0,7446200.0,10900000.0,18983000.0,8012200.0,11510000.0,0.4013,-0.0676,0.2758,0.4432,-0.0,0.3103,-0.1897,-1.3447,-0.5394,0.3933,-0.4497,0.157,0.4344,-0.0001,0.2949,0.4044,-0.0511,0.2783,0.4658,-0.0316,0.3337,800
RocketTile_55,3.0,56.0,512.0,32.0,1.0,8.0,4.0,1.0,32.0,1.0,8.0,3.0,30035.8354,30035.8354,30035.8354,30035.8354,30035.8354,17670000.0,7783800.0,11225000.0,17432000.0,7675500.0,11047000.0,18238000.0,7116400.0,10640000.0,17629000.0,7135400.0,10567000.0,17667000.0,7781500.0,11222000.0,0.4492,-0.0673,0.3193,0.4445,0.0,0.3131,-0.3216,-1.5229,-0.677,0.3733,-0.4745,0.1369,0.4526,-0.0003,0.3139,0.4515,-0.0599,0.3211,0.4917,-0.0281,0.345,800
RocketTile_56,0.0,28.0,256.0,64.0,1.0,16.0,8.0,0.0,64.0,1.0,8.0,3.0,28201.32,28201.32,28201.32,28201.32,28201.32,14445000.0,6208600.0,8969400.0,14304000.0,6147300.0,8873100.0,14984000.0,5795900.0,8669300.0,14510000.0,5812200.0,8619300.0,14440000.0,6207100.0,8966800.0,0.4532,-0.0538,0.327,0.4629,0.0,0.3291,-0.3211,-1.5323,-0.6925,0.3642,-0.4681,0.1356,0.4308,-0.0035,0.2875,0.4552,-0.0479,0.3301,0.4827,-0.0252,0.3532,800
RocketTile_57,12.0,28.0,256.0,32.0,4.0,8.0,4.0,1.0,64.0,1.0,4.0,2.0,42817.333,42817.333,42817.333,42817.333,42817.333,23524000.0,10355000.0,14635000.0,23314000.0,10259000.0,14482000.0,23894000.0,9603400.0,13976000.0,23421000.0,9661700.0,13964000.0,23516000.0,10352000.0,14630000.0,0.3884,-0.0769,0.2599,0.3796,0.0001,0.2584,-0.1973,-1.4732,-0.5662,0.3827,-0.4472,0.171,0.4356,-0.0004,0.2962,0.3878,-0.0776,0.2589,0.4508,-0.0255,0.3144,800
RocketTile_58,3.0,28.0,0.0,32.0,2.0,4.0,4.0,1.0,32.0,4.0,12.0,3.0,43158.1838,43158.1838,43158.1838,43158.1838,43158.1838,24018000.0,10977000.0,15408000.0,23744000.0,10895000.0,15254000.0,24184000.0,10316000.0,14766000.0,23760000.0,10365000.0,14752000.0,24011000.0,10975000.0,15404000.0,0.435,-0.0518,0.3036,0.4716,-0.0,0.3273,-0.3029,-1.5419,-0.6685,0.3872,-0.4479,0.1574,0.4279,-0.0003,0.2928,0.4375,-0.0456,0.3065,0.4968,-0.0291,0.3525,800
RocketTile_59,3.0,42.0,512.0,64.0,2.0,16.0,4.0,0.0,64.0,4.0,4.0,3.0,51809.7168,51809.7168,51809.7168,51809.7168,51809.7168,25696000.0,11052000.0,15656000.0,25478000.0,10969000.0,15517000.0,26017000.0,10405000.0,15057000.0,25534000.0,10430000.0,15021000.0,25686000.0,11048000.0,15650000.0,0.4087,-0.0659,0.2839,0.4473,-0.0,0.3153,-0.2683,-1.4796,-0.6236,0.3686,-0.4902,0.1208,0.4165,-0.0001,0.2874,0.4098,-0.0624,0.286,0.4895,-0.0221,0.3515,800
RocketTile_60,12.0,0.0,0.0,64.0,2.0,28.0,4.0,0.0,32.0,1.0,8.0,3.0,32918.8406,32918.8406,32918.8406,32918.8406,32918.8406,17330000.0,7435200.0,10701000.0,17144000.0,7373700.0,10596000.0,17723000.0,6950600.0,10284000.0,17158000.0,6978400.0,10232000.0,17325000.0,7432900.0,10698000.0,0.4286,-0.0526,0.3078,0.4591,0.0,0.3233,-0.2784,-1.4714,-0.657,0.354,-0.4338,0.1341,0.4397,-0.0,0.3033,0.431,-0.0462,0.3103,0.5035,-0.028,0.3581,800
RocketTile_61,9.0,28.0,128.0,64.0,2.0,28.0,4.0,1.0,32.0,1.0,24.0,2.0,36154.9267,36154.9267,36154.9267,36154.9267,36154.9267,18029000.0,7429500.0,10786000.0,17781000.0,7328300.0,10614000.0,18480000.0,6761800.0,10197000.0,17975000.0,6811000.0,10166000.0,18023000.0,7427400.0,10783000.0,0.4259,-0.0537,0.3056,0.4455,0.0,0.3158,-0.2637,-1.5007,-0.6349,0.4016,-0.4418,0.1648,0.4352,-0.0001,0.2991,0.4286,-0.0481,0.3081,0.4824,-0.0219,0.3502,800
RocketTile_62,3.0,56.0,128.0,64.0,4.0,20.0,4.0,0.0,64.0,2.0,8.0,3.0,54179.7768,54179.7768,54179.7768,54179.7768,54179.7768,27119000.0,11452000.0,16348000.0,26914000.0,11367000.0,16213000.0,27550000.0,10804000.0,15796000.0,27045000.0,10847000.0,15762000.0,27109000.0,11448000.0,16342000.0,0.2998,-0.0681,0.1849,0.3773,0.0001,0.2643,-0.401,-1.8076,-0.812,0.3991,-0.4339,0.1612,0.3966,-0.0013,0.2787,0.3095,-0.0631,0.1912,0.3821,-0.0241,0.2681,800
RocketTile_63,9.0,28.0,1024.0,64.0,1.0,12.0,4.0,0.0,32.0,2.0,28.0,3.0,32707.9771,32707.9771,32707.9771,32707.9771,32707.9771,19391000.0,8618700.0,12230000.0,19283000.0,8539000.0,12127000.0,562630000.0,372150000.0,460750000.0,562010000.0,372270000.0,460670000.0,19383000.0,8615000.0,12224000.0,0.4113,-0.0702,0.2823,0.4591,-0.0,0.3187,-187.3694,-373.8148,-227.787,0.3642,-0.4528,0.1369,0.4176,-0.0002,0.2835,0.4153,-0.0669,0.2871,0.4704,-0.0263,0.3377,800
RocketTile_64,3.0,56.0,0.0,64.0,1.0,16.0,8.0,1.0,32.0,4.0,24.0,2.0,39266.388,39266.388,39266.388,39266.388,39266.388,20114000.0,8768900.0,12499000.0,19799000.0,8680300.0,12321000.0,20137000.0,8177100.0,11818000.0,19676000.0,8223000.0,11795000.0,20106000.0,8765300.0,12494000.0,0.4313,-0.0571,0.2953,0.451,-0.0,0.3169,-0.3156,-1.6173,-0.6807,0.3805,-0.4381,0.1602,0.4512,-0.0001,0.3155,0.4343,-0.053,0.3005,0.4714,-0.0265,0.3392,800
RocketTile_65,9.0,28.0,128.0,32.0,1.0,32.0,8.0,1.0,32.0,4.0,8.0,2.0,39452.0803,39452.0803,39452.0803,39452.0803,39452.0803,20589000.0,9196300.0,12936000.0,20324000.0,9094900.0,12768000.0,21047000.0,8539400.0,12375000.0,20482000.0,8563200.0,12305000.0,20580000.0,9191600.0,12930000.0,0.4243,-0.0624,0.2896,0.453,0.0,0.3099,-0.2972,-1.5755,-0.6865,0.3902,-0.4354,0.1698,0.428,-0.0006,0.2948,0.4243,-0.0592,0.2898,0.4736,-0.0231,0.3312,800
RocketTile_66,6.0,42.0,0.0,64.0,4.0,20.0,8.0,0.0,64.0,1.0,20.0,2.0,45669.1752,45669.1752,45669.1752,45669.1752,45669.1752,22057000.0,9148800.0,13098000.0,21891000.0,9086700.0,12997000.0,22444000.0,8652500.0,12665000.0,21934000.0,8679800.0,12621000.0,22050000.0,9145600.0,13093000.0,0.3712,-0.0555,0.2618,0.4206,0.0,0.292,-0.4404,-1.7836,-0.8541,0.3699,-0.4405,0.1461,0.4301,-0.0005,0.2883,0.3743,-0.0484,0.2665,0.4721,-0.0244,0.3424,800
RocketTile_67,6.0,42.0,1024.0,64.0,2.0,4.0,8.0,0.0,32.0,4.0,28.0,2.0,45420.7738,45420.7738,45420.7738,45420.7738,45420.7738,24248000.0,10859000.0,15132000.0,24052000.0,10775000.0,15001000.0,567600000.0,374310000.0,463600000.0,567030000.0,374420000.0,463520000.0,24241000.0,10856000.0,15127000.0,0.37,-0.0588,0.2551,0.4158,0.0,0.2873,-187.4655,-373.7021,-227.7251,0.3797,-0.4582,0.1408,0.4236,-0.0001,0.2839,0.3709,-0.0462,0.261,0.4473,-0.0394,0.3076,800
RocketTile_68,6.0,14.0,0.0,32.0,4.0,4.0,4.0,1.0,64.0,4.0,12.0,2.0,56434.5144,56434.5144,56434.5144,56434.5144,56434.5144,28465000.0,12616000.0,17626000.0,28217000.0,12532000.0,17485000.0,28639000.0,11881000.0,16948000.0,28260000.0,11935000.0,16948000.0,28458000.0,12613000.0,17621000.0,0.3588,-0.0556,0.2509,0.4149,0.0,0.2802,-0.3102,-1.5667,-0.7014,0.3809,-0.4494,0.1575,0.4284,-0.0001,0.2983,0.3614,-0.044,0.2524,0.4291,-0.0282,0.3009,800
RocketTile_69,9.0,28.0,128.0,32.0,1.0,8.0,4.0,1.0,64.0,2.0,20.0,2.0,34181.532,34181.532,34181.532,34181.532,34181.532,16782000.0,7144400.0,10250000.0,16531000.0,7043500.0,10084000.0,17242000.0,6507600.0,9698000.0,16752000.0,6541200.0,9655600.0,16774000.0,7140100.0,10244000.0,0.4513,-0.0528,0.3188,0.4688,-0.0,0.3282,-0.38,-1.6622,-0.7702,0.3799,-0.4465,0.1548,0.4464,-0.0001,0.3039,0.4531,-0.0476,0.3207,0.4938,-0.023,0.349,800
RocketTile_70,0.0,42.0,0.0,64.0,1.0,16.0,4.0,0.0,64.0,2.0,4.0,3.0,33238.5696,33238.5696,33238.5696,33238.5696,33238.5696,16686000.0,7146200.0,10283000.0,16483000.0,7079600.0,10163000.0,16980000.0,6673400.0,9840900.0,16505000.0,6701400.0,9804900.0,16679000.0,7143600.0,10279000.0,0.4485,-0.054,0.3156,0.4699,0.0,0.3354,-0.3215,-1.4626,-0.6861,0.3566,-0.4439,0.129,0.453,-0.0008,0.31,0.4511,-0.0503,0.3174,0.4992,-0.0242,0.3602,800
RocketTile_71,3.0,56.0,128.0,32.0,1.0,16.0,8.0,1.0,64.0,2.0,20.0,2.0,35052.264,35052.264,35052.264,35052.264,35052.264,17145000.0,7272400.0,10435000.0,16867000.0,7161100.0,10246000.0,17678000.0,6568100.0,9841200.0,17071000.0,6615500.0,9794300.0,17141000.0,7270000.0,10431000.0,0.3916,-0.0605,0.2576,0.4608,0.0,0.3228,-0.402,-1.6885,-0.7844,0.3934,-0.4309,0.1652,0.4502,-0.0017,0.3094,0.3939,-0.0522,0.2598,0.4781,-0.02,0.3392,800
RocketTile_72,6.0,28.0,0.0,32.0,4.0,32.0,4.0,1.0,64.0,2.0,4.0,1.0,45245.7518,45245.7518,45245.7518,45245.7518,45245.7518,22576000.0,9861600.0,13824000.0,22354000.0,9768000.0,13675000.0,22896000.0,9158300.0,13194000.0,22450000.0,9212300.0,13182000.0,22568000.0,9858600.0,13819000.0,0.3921,-0.0638,0.2649,0.4565,-0.0001,0.3252,-0.3213,-1.4757,-0.6781,0.377,-0.4546,0.1521,0.4389,-0.0058,0.2989,0.3939,-0.058,0.2659,0.4823,-0.0278,0.3489,800
RocketTile_73,9.0,42.0,0.0,32.0,1.0,24.0,4.0,1.0,64.0,1.0,24.0,1.0,26346.6403,26346.6403,26346.6403,26346.6403,26346.6403,11923000.0,4870600.0,7040600.0,11716000.0,4784700.0,6899300.0,12400000.0,4332900.0,6602900.0,11930000.0,4360000.0,6554400.0,11917000.0,4867500.0,7036200.0,0.437,-0.0524,0.3053,0.4647,-0.0,0.3195,-0.2561,-1.5208,-0.6477,0.3897,-0.4373,0.1553,0.4452,-0.0001,0.2959,0.441,-0.0467,0.3096,0.4886,-0.0261,0.353,800
RocketTile_74,0.0,14.0,512.0,64.0,4.0,16.0,8.0,1.0,32.0,4.0,4.0,1.0,56657.088,56657.088,56657.088,56657.088,56657.088,27247000.0,11768000.0,16449000.0,27036000.0,11678000.0,16307000.0,27555000.0,11037000.0,15803000.0,27149000.0,11101000.0,15807000.0,27238000.0,11765000.0,16444000.0,0.3553,-0.0589,0.2351,0.399,-0.0,0.2662,-0.3567,-1.6077,-0.7143,0.3662,-0.4269,0.1474,0.4215,-0.0005,0.2881,0.3573,-0.059,0.2366,0.4514,-0.0295,0.3239,800
RocketTile_75,3.0,0.0,0.0,64.0,2.0,32.0,8.0,1.0,32.0,2.0,20.0,1.0,37050.2827,37050.2827,37050.2827,37050.2827,37050.2827,17027000.0,7123500.0,10114000.0,16818000.0,7037900.0,9973600.0,17535000.0,6495900.0,9605600.0,17011000.0,6538500.0,9564000.0,17021000.0,7121400.0,10111000.0,0.4497,-0.051,0.318,0.4731,0.0,0.3392,-0.3319,-1.4994,-0.694,0.3791,-0.427,0.1622,0.4482,-0.0001,0.304,0.4515,-0.0426,0.319,0.51,-0.0262,0.3679,800
RocketTile_76,9.0,28.0,256.0,32.0,1.0,32.0,8.0,1.0,64.0,2.0,32.0,3.0,36511.7558,36511.7558,36511.7558,36511.7558,36511.7558,19319000.0,8405300.0,12051000.0,19043000.0,8291400.0,11864000.0,19947000.0,7712700.0,11494000.0,19320000.0,7748900.0,11430000.0,19309000.0,8400600.0,12044000.0,0.4461,-0.0935,0.3116,0.4498,0.0,0.3162,-0.2327,-1.4169,-0.5855,0.3711,-0.4707,0.1323,0.44,-0.0007,0.3021,0.4489,-0.0545,0.315,0.4705,-0.0373,0.3332,800
RocketTile_77,6.0,0.0,128.0,64.0,2.0,12.0,4.0,0.0,64.0,2.0,8.0,1.0,36712.6603,36712.6603,36712.6603,36712.6603,36712.6603,15972000.0,6495400.0,9285300.0,15817000.0,6438500.0,9190000.0,16310000.0,6062500.0,8886800.0,15827000.0,6070200.0,8827800.0,15967000.0,6493900.0,9282600.0,0.4322,-0.0597,0.2989,0.454,-0.0,0.3153,-0.3138,-1.5263,-0.6954,0.3496,-0.4477,0.1232,0.4076,-0.0004,0.2947,0.4347,-0.0527,0.3026,0.4931,-0.0353,0.3512,800
RocketTile_78,0.0,56.0,0.0,64.0,1.0,20.0,8.0,0.0,32.0,1.0,8.0,3.0,26767.0814,26767.0814,26767.0814,26767.0814,26767.0814,14266000.0,6209600.0,8950300.0,14107000.0,6147100.0,8848700.0,14760000.0,5776700.0,8615900.0,14245000.0,5799800.0,8567300.0,14263000.0,6208500.0,8948500.0,0.424,-0.0566,0.2912,0.4355,-0.0,0.2977,-0.2117,-1.3946,-0.5809,0.3619,-0.4477,0.1425,0.4377,-0.0001,0.3085,0.4263,-0.0522,0.2934,0.483,-0.0275,0.3482,800
RocketTile_79,12.0,28.0,512.0,64.0,1.0,32.0,4.0,1.0,64.0,1.0,8.0,3.0,33409.4328,33409.4328,33409.4328,33409.4328,33409.4328,18351000.0,7773800.0,11282000.0,18130000.0,7659600.0,11113000.0,18823000.0,7108900.0,10731000.0,18260000.0,7125100.0,10658000.0,18342000.0,7769300.0,11275000.0,0.4263,-0.056,0.3004,0.4667,-0.0,0.3245,-0.3138,-1.6337,-0.7131,0.3827,-0.4657,0.1387,0.4605,-0.0005,0.3246,0.4292,-0.0505,0.3039,0.4876,-0.0269,0.3492,800
RocketTile_80,0.0,42.0,128.0,32.0,1.0,12.0,8.0,1.0,64.0,2.0,24.0,3.0,34354.8029,34354.8029,34354.8029,34354.8029,34354.8029,17791000.0,7802600.0,11157000.0,17589000.0,7714400.0,11017000.0,18319000.0,7220800.0,10695000.0,17817000.0,7261200.0,10661000.0,17784000.0,7798700.0,11151000.0,0.4379,-0.058,0.3015,0.4732,-0.0,0.3278,-0.2061,-1.4456,-0.5821,0.3826,-0.4658,0.1387,0.4573,-0.0011,0.3133,0.443,-0.0512,0.3076,0.4809,-0.0291,0.338,800
RocketTile_81,9.0,14.0,0.0,32.0,2.0,4.0,4.0,0.0,32.0,4.0,4.0,1.0,37752.2856,37752.2856,37752.2856,37752.2856,37752.2856,18748000.0,8472800.0,11717000.0,18547000.0,8415900.0,11609000.0,19022000.0,8026200.0,11312000.0,18608000.0,8041700.0,11271000.0,18743000.0,8471300.0,11714000.0,0.4149,-0.0649,0.2812,0.4413,0.0,0.2998,-0.3219,-1.5349,-0.6927,0.3883,-0.4521,0.1538,0.4307,-0.0003,0.3004,0.4171,-0.0604,0.2836,0.4691,-0.0298,0.3221,800
RocketTile_82,9.0,28.0,512.0,32.0,1.0,28.0,8.0,0.0,32.0,2.0,12.0,1.0,27731.7403,27731.7403,27731.7403,27731.7403,27731.7403,14115000.0,6188000.0,8663200.0,13941000.0,6109800.0,8545100.0,14617000.0,5692400.0,8278000.0,14052000.0,5694900.0,8199100.0,14109000.0,6185600.0,8659600.0,0.4533,-0.0555,0.3145,0.4732,-0.0001,0.3301,-0.1912,-1.2489,-0.5181,0.3893,-0.4286,0.1655,0.4404,-0.0006,0.312,0.4556,-0.0481,0.3174,0.4915,-0.0297,0.3466,800
RocketTile_83,12.0,0.0,1024.0,32.0,1.0,20.0,8.0,0.0,64.0,2.0,24.0,3.0,31533.768,31533.768,31533.768,31533.768,31533.768,16300000.0,7142100.0,10229000.0,16133000.0,7082100.0,10124000.0,16703000.0,6695700.0,9825600.0,16194000.0,6732200.0,9791000.0,16294000.0,7139700.0,10225000.0,0.417,-0.0658,0.2842,0.4722,-0.0,0.3335,-0.4326,-1.6299,-0.8203,0.3695,-0.4303,0.1492,0.4408,-0.0005,0.3049,0.4193,-0.0616,0.2866,0.4988,-0.0271,0.3586,800
RocketTile_84,3.0,28.0,128.0,64.0,4.0,4.0,8.0,0.0,32.0,2.0,32.0,1.0,47920.9306,47920.9306,47920.9306,47920.9306,47920.9306,22799000.0,9616100.0,13550000.0,22628000.0,9544700.0,13437000.0,23292000.0,9042300.0,13090000.0,22798000.0,9067400.0,13045000.0,22791000.0,9613000.0,13545000.0,0.3838,-0.0549,0.2656,0.4277,-0.0,0.2998,-0.1945,-1.2983,-0.5368,0.3994,-0.4433,0.1671,0.452,-0.0011,0.3125,0.3871,-0.046,0.2693,0.437,-0.0276,0.3164,800
RocketTile_85,9.0,14.0,1024.0,64.0,4.0,16.0,8.0,0.0,32.0,4.0,4.0,2.0,57354.7406,57354.7406,57354.7406,57354.7406,57354.7406,30930000.0,13413000.0,18874000.0,30780000.0,13331000.0,18759000.0,573670000.0,376850000.0,467170000.0,573120000.0,376990000.0,467110000.0,30921000.0,13409000.0,18869000.0,0.3587,-0.0632,0.239,0.3689,0.0,0.2574,-187.4242,-373.7551,-227.8311,0.4006,-0.4305,0.1656,0.4165,-0.0001,0.2977,0.3588,-0.0538,0.2406,0.4568,-0.0306,0.3292,800
RocketTile_86,3.0,0.0,0.0,64.0,2.0,24.0,4.0,1.0,64.0,4.0,12.0,2.0,51358.6598,51358.6598,51358.6598,51358.6598,51358.6598,23625000.0,9895200.0,14076000.0,23349000.0,9799400.0,13914000.0,23769000.0,9180800.0,13401000.0,23390000.0,9233800.0,13398000.0,23619000.0,9892900.0,14072000.0,0.3807,-0.0571,0.2532,0.401,-0.0,0.2722,-0.3473,-1.7119,-0.7407,0.3913,-0.4519,0.1549,0.4065,-0.0005,0.2808,0.3833,-0.0452,0.2577,0.4419,-0.0213,0.316,800
RocketTile_87,12.0,42.0,128.0,32.0,4.0,4.0,8.0,0.0,64.0,4.0,32.0,2.0,55936.7266,55936.7266,55936.7266,55936.7266,55936.7266,28087000.0,12456000.0,17379000.0,27870000.0,12377000.0,17247000.0,28418000.0,11798000.0,16803000.0,27969000.0,11837000.0,16778000.0,28077000.0,12452000.0,17372000.0,0.4008,-0.0592,0.2683,0.4139,-0.0,0.2843,-0.3327,-1.5707,-0.6964,0.3709,-0.4726,0.1325,0.389,-0.0001,0.2688,0.4055,-0.0528,0.2765,0.4462,-0.0243,0.3111,800
RocketTile_88,9.0,28.0,256.0,64.0,4.0,32.0,8.0,1.0,32.0,4.0,8.0,1.0,58735.2168,58735.2168,58735.2168,58735.2168,58735.2168,28776000.0,12392000.0,17361000.0,28531000.0,12286000.0,17189000.0,29132000.0,11512000.0,16575000.0,28604000.0,11567000.0,16547000.0,28766000.0,12389000.0,17355000.0,0.3449,-0.0549,0.2303,0.3808,-0.0001,0.2622,-0.4841,-1.7134,-0.8265,0.3802,-0.4511,0.1551,0.4159,-0.0007,0.2991,0.3462,-0.0522,0.2311,0.4432,-0.0265,0.3205,800
RocketTile_89,3.0,14.0,128.0,32.0,1.0,4.0,8.0,1.0,32.0,4.0,8.0,3.0,39706.3368,39706.3368,39706.3368,39706.3368,39706.3368,22141000.0,10099000.0,14220000.0,21863000.0,10006000.0,14048000.0,22406000.0,9437600.0,13595000.0,21923000.0,9465100.0,13551000.0,22135000.0,10096000.0,14215000.0,0.4436,-0.0705,0.3092,0.4499,-0.0,0.3119,-0.3922,-1.6623,-0.7657,0.3913,-0.4516,0.1538,0.4457,-0.0002,0.3045,0.4476,-0.0447,0.3089,0.4906,-0.0249,0.3495,800
RocketTile_90,9.0,0.0,256.0,64.0,4.0,16.0,8.0,1.0,64.0,1.0,32.0,2.0,48512.4811,48512.4811,48512.4811,48512.4811,48512.4811,23682000.0,9857700.0,14106000.0,23471000.0,9767300.0,13966000.0,23896000.0,9086600.0,13409000.0,23511000.0,9153500.0,13422000.0,23675000.0,9854600.0,14101000.0,0.3794,-0.0531,0.2674,0.4284,0.0,0.3001,-0.2664,-1.4903,-0.6355,0.3855,-0.4486,0.1479,0.4536,-0.0001,0.3164,0.3805,-0.0494,0.2686,0.506,-0.0273,0.3577,800
RocketTile_91,9.0,28.0,128.0,32.0,1.0,8.0,8.0,1.0,32.0,4.0,32.0,3.0,40290.719,40290.719,40290.719,40290.719,40290.719,22421000.0,10224000.0,14385000.0,22120000.0,10121000.0,14200000.0,22746000.0,9492700.0,13720000.0,22250000.0,9534700.0,13686000.0,22409000.0,10218000.0,14377000.0,0.3747,-0.0553,0.2483,0.4199,-0.0001,0.2859,-0.3437,-1.5376,-0.6925,0.3616,-0.4864,0.1168,0.4267,-0.0003,0.2958,0.375,-0.0502,0.2489,0.446,-0.0245,0.3166,800
RocketTile_92,12.0,0.0,128.0,64.0,4.0,8.0,8.0,1.0,32.0,2.0,20.0,2.0,50621.6088,50621.6088,50621.6088,50621.6088,50621.6088,25285000.0,10665000.0,15215000.0,25061000.0,10579000.0,15075000.0,25510000.0,10022000.0,14595000.0,25117000.0,10088000.0,14606000.0,25278000.0,10662000.0,15211000.0,0.3375,-0.06,0.2249,0.4216,0.0,0.2918,-0.0725,-1.2122,-0.3858,0.3686,-0.4354,0.1504,0.4387,-0.0018,0.3111,0.3398,-0.0563,0.2274,0.453,-0.028,0.3387,800
RocketTile_93,0.0,56.0,128.0,32.0,4.0,32.0,8.0,0.0,64.0,2.0,4.0,2.0,43767.3542,43767.3542,43767.3542,43767.3542,43767.3542,22756000.0,10155000.0,14201000.0,22623000.0,10094000.0,14111000.0,23102000.0,9620200.0,13744000.0,22671000.0,9658600.0,13722000.0,22750000.0,10153000.0,14197000.0,0.3683,-0.0657,0.2561,0.3978,0.0,0.2715,-0.3406,-1.5466,-0.7211,0.3615,-0.4367,0.1407,0.4441,-0.0,0.3024,0.3704,-0.0608,0.2586,0.4595,-0.025,0.3443,800
RocketTile_94,3.0,14.0,512.0,32.0,1.0,8.0,8.0,1.0,64.0,2.0,16.0,2.0,34160.4648,34160.4648,34160.4648,34160.4648,34160.4648,17475000.0,7542800.0,10743000.0,17264000.0,7447000.0,10591000.0,17971000.0,6904200.0,10194000.0,17443000.0,6915300.0,10129000.0,17466000.0,7538300.0,10736000.0,0.4239,-0.0472,0.2871,0.4418,0.0,0.3117,-0.4191,-1.6641,-0.7949,0.3843,-0.4387,0.1593,0.4464,-0.0003,0.3063,0.4255,-0.0401,0.2898,0.4728,-0.0264,0.3305,800
RocketTile_95,12.0,14.0,512.0,64.0,1.0,32.0,8.0,0.0,64.0,4.0,24.0,3.0,45173.029,45173.029,45173.029,45173.029,45173.029,22614000.0,9846600.0,13924000.0,22425000.0,9768900.0,13797000.0,22942000.0,9237300.0,13368000.0,22368000.0,9250000.0,13303000.0,22605000.0,9842300.0,13918000.0,0.3687,-0.0597,0.2373,0.3971,-0.0001,0.2639,-0.3063,-1.4584,-0.6482,0.3836,-0.4479,0.1563,0.4144,-0.0011,0.2896,0.3659,-0.0553,0.2401,0.4335,-0.0331,0.3039,800
RocketTile_96,9.0,42.0,512.0,64.0,1.0,32.0,8.0,1.0,64.0,1.0,12.0,3.0,33794.388,33794.388,33794.388,33794.388,33794.388,18850000.0,7816300.0,11429000.0,18626000.0,7704500.0,11256000.0,18991000.0,7150400.0,10797000.0,18396000.0,7160200.0,10719000.0,18846000.0,7814300.0,11426000.0,0.4426,-0.0555,0.3068,0.4549,0.0,0.3119,-0.3169,-1.5013,-0.6681,0.3742,-0.4815,0.1284,0.4336,-0.0016,0.2952,0.4451,-0.0498,0.3104,0.4855,-0.0217,0.3483,800
RocketTile_97,0.0,56.0,1024.0,64.0,1.0,12.0,8.0,0.0,64.0,1.0,24.0,2.0,26785.741,26785.741,26785.741,26785.741,26785.741,12664000.0,5270900.0,7631900.0,12519000.0,5216100.0,7541800.0,13130000.0,4849800.0,7289700.0,12629000.0,4873500.0,7242900.0,12661000.0,5269900.0,7630200.0,0.4365,-0.0526,0.3051,0.4692,-0.0,0.3275,-0.3507,-1.6204,-0.7423,0.3624,-0.4403,0.1389,0.4381,-0.0006,0.304,0.4404,-0.0476,0.3093,0.4848,-0.0223,0.3488,800
RocketTile_98,9.0,0.0,512.0,64.0,4.0,12.0,8.0,0.0,32.0,4.0,24.0,1.0,53962.128,53962.128,53962.128,53962.128,53962.128,25969000.0,11193000.0,15661000.0,25817000.0,11128000.0,15560000.0,26068000.0,10630000.0,15094000.0,25751000.0,10675000.0,15101000.0,25962000.0,11190000.0,15656000.0,0.3522,-0.0561,0.2427,0.4329,-0.0,0.3066,-0.364,-1.5919,-0.7397,0.3913,-0.4267,0.1712,0.4184,-0.0001,0.2789,0.3552,-0.0525,0.2474,0.4279,-0.0252,0.3059,800
RocketTile_99,3.0,42.0,0.0,64.0,2.0,20.0,4.0,0.0,64.0,4.0,24.0,1.0,47030.6362,47030.6362,47030.6362,47030.6362,47030.6362,20047000.0,8341700.0,11739000.0,19891000.0,8279800.0,11639000.0,20419000.0,7873900.0,11342000.0,19999000.0,7900700.0,11311000.0,20041000.0,8339600.0,11736000.0,0.4337,-0.056,0.2978,0.455,0.0,0.3163,-0.248,-1.4202,-0.5963,0.3725,-0.4791,0.1287,0.4365,-0.0005,0.3137,0.4367,-0.0512,0.3026,0.4954,-0.0248,0.3557,800
RocketTile_100,6.0,42.0,128.0,32.0,1.0,8.0,8.0,0.0,32.0,1.0,12.0,1.0,23918.9328,23918.9328,23918.9328,23918.9328,23918.9328,11138000.0,4723800.0,6720300.0,10963000.0,4648400.0,6603600.0,11814000.0,4294100.0,6438400.0,11306000.0,4314000.0,6384300.0,11134000.0,4722000.0,6717600.0,0.4427,-0.0685,0.3167,0.4533,0.0,0.3209,-0.2482,-1.4747,-0.6304,0.3786,-0.4431,0.1574,0.4418,-0.0001,0.2898,0.444,-0.0595,0.3188,0.4853,-0.026,0.3452,800
RocketTile_101,6.0,0.0,128.0,32.0,1.0,20.0,8.0,1.0,64.0,1.0,32.0,1.0,26346.6403,26346.6403,26346.6403,26346.6403,26346.6403,11954000.0,4880000.0,7057000.0,11728000.0,4794500.0,6913600.0,12402000.0,4347500.0,6614900.0,11884000.0,4357300.0,6541800.0,11948000.0,4877100.0,7052900.0,0.441,-0.0558,0.3028,0.4628,-0.0001,0.3243,-0.3528,-1.5916,-0.7434,0.3827,-0.4649,0.1389,0.4434,-0.0009,0.3034,0.4436,-0.0486,0.3064,0.4935,-0.0221,0.35,800
RocketTile_102,9.0,56.0,256.0,64.0,2.0,4.0,4.0,1.0,64.0,2.0,28.0,1.0,41472.288,41472.288,41472.288,41472.288,41472.288,18623000.0,7627800.0,10864000.0,18386000.0,7523800.0,10703000.0,19125000.0,6882800.0,10252000.0,18693000.0,6939800.0,10248000.0,18616000.0,7625200.0,10860000.0,0.4338,-0.0569,0.3079,0.4609,-0.0,0.3216,-0.2487,-1.4938,-0.6232,0.3815,-0.4421,0.1537,0.4121,-0.0004,0.2894,0.4357,-0.0454,0.3105,0.4985,-0.0227,0.3592,800
RocketTile_103,0.0,28.0,1024.0,64.0,1.0,12.0,8.0,1.0,32.0,1.0,16.0,2.0,28044.3557,28044.3557,28044.3557,28044.3557,28044.3557,13959000.0,5850500.0,8484200.0,13729000.0,5763100.0,8338000.0,14375000.0,5287700.0,8008100.0,13874000.0,5300800.0,7942300.0,13952000.0,5847200.0,8479500.0,0.3794,-0.0607,0.2677,0.4664,-0.0,0.3277,-0.3114,-1.534,-0.68,0.3872,-0.4516,0.155,0.4332,-0.0008,0.2896,0.3804,-0.0537,0.2699,0.5052,-0.0269,0.3591,800
RocketTile_104,3.0,0.0,512.0,64.0,4.0,4.0,8.0,0.0,64.0,4.0,8.0,2.0,61110.0648,61110.0648,61110.0648,61110.0648,61110.0648,28433000.0,11961000.0,16898000.0,28258000.0,11898000.0,16793000.0,28632000.0,11388000.0,16365000.0,28166000.0,11408000.0,16324000.0,28423000.0,11957000.0,16892000.0,0.3566,-0.0517,0.2407,0.4001,-0.0,0.2715,-0.4806,-1.8034,-0.9005,0.3606,-0.4281,0.1339,0.3964,-0.0006,0.2707,0.3604,-0.0458,0.2427,0.4292,-0.0235,0.3089,800
RocketTile_105,12.0,14.0,128.0,32.0,2.0,4.0,8.0,1.0,64.0,1.0,20.0,2.0,33280.1568,33280.1568,33280.1568,33280.1568,33280.1568,17113000.0,7356100.0,10527000.0,16898000.0,7267200.0,10382000.0,17621000.0,6735800.0,10016000.0,17131000.0,6776700.0,9982900.0,17108000.0,7354100.0,10524000.0,0.4312,-0.0569,0.2995,0.45,-0.0,0.3148,-0.1831,-1.4164,-0.5333,0.3732,-0.4627,0.1355,0.4385,-0.0021,0.2944,0.4344,-0.05,0.3037,0.4732,-0.0254,0.3328,800
RocketTile_106,6.0,28.0,1024.0,64.0,1.0,12.0,8.0,0.0,64.0,4.0,8.0,2.0,44452.859,44452.859,44452.859,44452.859,44452.859,22077000.0,9583000.0,13467000.0,21929000.0,9504700.0,13355000.0,565360000.0,373070000.0,461960000.0,564740000.0,373180000.0,461860000.0,22067000.0,9578400.0,13460000.0,0.3813,-0.0637,0.2809,0.4385,0.0,0.3046,-187.5161,-373.6145,-227.7067,0.3885,-0.4577,0.1466,0.4264,-0.0003,0.2884,0.3957,-0.0588,0.2927,0.4787,-0.0253,0.3434,800
RocketTile_107,0.0,42.0,128.0,64.0,2.0,28.0,8.0,0.0,32.0,1.0,32.0,2.0,31679.8978,31679.8978,31679.8978,31679.8978,31679.8978,15398000.0,6505400.0,9309800.0,15275000.0,6447800.0,9223000.0,15826000.0,6028700.0,8923900.0,15350000.0,6051600.0,8880000.0,15394000.0,6503800.0,9307300.0,0.4097,-0.0614,0.2903,0.4514,0.0,0.3075,-0.4421,-1.7273,-0.8365,0.3605,-0.4472,0.1354,0.4193,0.0,0.2893,0.4127,-0.056,0.2935,0.4878,-0.0265,0.3421,800
RocketTile_108,12.0,14.0,0.0,64.0,4.0,8.0,8.0,0.0,32.0,2.0,4.0,3.0,49365.949,49365.949,49365.949,49365.949,49365.949,25698000.0,11093000.0,15743000.0,25540000.0,11027000.0,15642000.0,26008000.0,10517000.0,15233000.0,25463000.0,10550000.0,15186000.0,25688000.0,11089000.0,15737000.0,0.3207,-0.0677,0.2178,0.3915,-0.0,0.2718,-0.459,-1.7086,-0.8509,0.37,-0.4399,0.1472,0.4116,-0.0001,0.293,0.323,-0.0497,0.2204,0.4416,-0.0263,0.321,800
RocketTile_109,0.0,56.0,128.0,32.0,2.0,24.0,4.0,1.0,32.0,2.0,32.0,3.0,36154.9267,36154.9267,36154.9267,36154.9267,36154.9267,20292000.0,9167000.0,12985000.0,20069000.0,9080600.0,12842000.0,20778000.0,8533800.0,12462000.0,20292000.0,8580100.0,12432000.0,20287000.0,9165300.0,12982000.0,0.4473,-0.0515,0.3118,0.4649,0.0,0.3207,-0.1596,-1.2936,-0.5064,0.3982,-0.4374,0.1669,0.4485,-0.0,0.308,0.4493,-0.0472,0.3166,0.4889,-0.0229,0.3458,800
RocketTile_110,3.0,42.0,1024.0,32.0,1.0,20.0,8.0,0.0,64.0,1.0,8.0,1.0,26194.9291,26194.9291,26194.9291,26194.9291,26194.9291,13466000.0,5871000.0,8260300.0,13307000.0,5793700.0,8144200.0,557040000.0,369450000.0,456910000.0,556500000.0,369570000.0,456840000.0,13462000.0,5868900.0,8257200.0,0.4491,-0.0479,0.3152,0.4559,-0.0,0.3221,-187.2621,-373.5805,-227.5918,0.4024,-0.4296,0.1674,0.4462,-0.0023,0.3047,0.4513,-0.0403,0.3174,0.4888,-0.0198,0.3483,800
RocketTile_111,3.0,28.0,0.0,32.0,2.0,32.0,4.0,1.0,32.0,2.0,20.0,3.0,36354.8462,36354.8462,36354.8462,36354.8462,36354.8462,20642000.0,9198600.0,13129000.0,20410000.0,9108400.0,12979000.0,20835000.0,8505200.0,12446000.0,20376000.0,8561000.0,12432000.0,20637000.0,9196700.0,13126000.0,0.4321,-0.0551,0.2947,0.4561,-0.0,0.3181,-0.1382,-1.2553,-0.4775,0.3902,-0.4459,0.1568,0.439,-0.0018,0.3021,0.4344,-0.0483,0.3005,0.4865,-0.0259,0.3428,800
RocketTile_112,0.0,56.0,128.0,32.0,2.0,20.0,8.0,1.0,64.0,4.0,8.0,1.0,46271.232,46271.232,46271.232,46271.232,46271.232,20760000.0,8923500.0,12483000.0,20538000.0,8837300.0,12345000.0,21188000.0,8293500.0,11959000.0,20765000.0,8336400.0,11939000.0,20755000.0,8921600.0,12480000.0,0.3649,-0.0587,0.2584,0.4207,-0.0,0.2933,-0.3657,-1.6463,-0.7631,0.3878,-0.4453,0.1491,0.4177,-0.0023,0.2903,0.3657,-0.052,0.2594,0.4768,-0.0285,0.3501,800
RocketTile_113,6.0,14.0,0.0,64.0,2.0,16.0,4.0,0.0,64.0,2.0,4.0,2.0,38161.427,38161.427,38161.427,38161.427,38161.427,17617000.0,7355100.0,10506000.0,17445000.0,7297300.0,10406000.0,18054000.0,6905300.0,10135000.0,17551000.0,6925400.0,10085000.0,17611000.0,7353000.0,10502000.0,0.3926,-0.0637,0.2757,0.4346,-0.0001,0.2988,-0.3733,-1.607,-0.7514,0.3671,-0.4366,0.1444,0.4359,-0.0032,0.2968,0.3932,-0.0584,0.2786,0.4765,-0.0232,0.3503,800
RocketTile_114,3.0,28.0,0.0,64.0,2.0,24.0,4.0,1.0,64.0,4.0,32.0,1.0,49833.6408,49833.6408,49833.6408,49833.6408,49833.6408,21757000.0,9012500.0,12741000.0,21511000.0,8924000.0,12594000.0,21933000.0,8286200.0,12067000.0,21534000.0,8342100.0,12062000.0,21750000.0,9009800.0,12736000.0,0.3673,-0.0757,0.2401,0.4619,-0.0001,0.3227,-0.2029,-1.3546,-0.5629,0.3769,-0.4415,0.1576,0.4565,-0.0001,0.3138,0.3679,-0.0712,0.2415,0.486,-0.0515,0.346,800
RocketTile_115,0.0,28.0,256.0,32.0,4.0,32.0,4.0,0.0,64.0,2.0,32.0,1.0,42214.8384,42214.8384,42214.8384,42214.8384,42214.8384,21001000.0,9241400.0,12903000.0,20875000.0,9184100.0,12818000.0,21356000.0,8762600.0,12480000.0,20887000.0,8784400.0,12434000.0,20995000.0,9238900.0,12900000.0,0.4329,-0.0563,0.2985,0.4287,0.0,0.2976,-0.193,-1.3347,-0.5432,0.3513,-0.444,0.1264,0.4178,-0.0013,0.2954,0.436,-0.0492,0.304,0.4882,-0.0229,0.341,800
RocketTile_116,12.0,56.0,128.0,32.0,4.0,12.0,8.0,0.0,32.0,4.0,24.0,1.0,49158.2045,49158.2045,49158.2045,49158.2045,49158.2045,25749000.0,11676000.0,16132000.0,25534000.0,11599000.0,16003000.0,26072000.0,11033000.0,15565000.0,25606000.0,11079000.0,15547000.0,25740000.0,11672000.0,16126000.0,0.2798,-0.0562,0.1841,0.3615,0.0,0.2479,-0.3303,-1.5603,-0.6919,0.3934,-0.4485,0.1563,0.3983,-0.0019,0.2748,0.2804,-0.0476,0.185,0.4153,-0.0231,0.308,800
RocketTile_117,12.0,0.0,128.0,32.0,1.0,8.0,8.0,1.0,64.0,1.0,24.0,1.0,26043.6557,26043.6557,26043.6557,26043.6557,26043.6557,11842000.0,4840900.0,7006100.0,11632000.0,4759200.0,6868400.0,12252000.0,4313400.0,6549700.0,11753000.0,4330700.0,6489900.0,11838000.0,4839100.0,7003500.0,0.4295,-0.0593,0.3065,0.4494,-0.0,0.3043,-0.2046,-1.3891,-0.567,0.3766,-0.4581,0.1377,0.4566,-0.0011,0.308,0.4309,-0.0516,0.3083,0.4756,-0.0261,0.3366,800
RocketTile_118,6.0,0.0,512.0,32.0,2.0,32.0,4.0,1.0,64.0,4.0,12.0,2.0,48076.0344,48076.0344,48076.0344,48076.0344,48076.0344,22856000.0,9918100.0,13963000.0,22609000.0,9828700.0,13817000.0,23207000.0,9235300.0,13382000.0,22786000.0,9284200.0,13366000.0,22849000.0,9916000.0,13960000.0,0.377,-0.0661,0.2613,0.4281,-0.0001,0.2982,-0.2499,-1.4342,-0.6143,0.3838,-0.4414,0.1576,0.4336,-0.0009,0.3049,0.3782,-0.0617,0.2624,0.4558,-0.0265,0.3356,800
RocketTile_119,0.0,42.0,128.0,64.0,1.0,20.0,4.0,0.0,32.0,2.0,20.0,3.0,30341.2824,30341.2824,30341.2824,30341.2824,30341.2824,16119000.0,7168100.0,10190000.0,15961000.0,7106800.0,10092000.0,16649000.0,6732900.0,9863400.0,16109000.0,6755100.0,9811300.0,16115000.0,7166300.0,10188000.0,0.4297,-0.0521,0.3024,0.453,0.0,0.3095,-0.405,-1.6334,-0.7988,0.3626,-0.4411,0.1391,0.4374,-0.0,0.3034,0.4314,-0.0433,0.3038,0.4892,-0.0258,0.3447,800
RocketTile_120,9.0,0.0,128.0,64.0,1.0,24.0,4.0,0.0,64.0,1.0,20.0,2.0,26651.376,26651.376,26651.376,26651.376,26651.376,12625000.0,5302800.0,7635600.0,12475000.0,5240000.0,7538200.0,13101000.0,4849100.0,7284300.0,12605000.0,4873800.0,7240900.0,12622000.0,5301800.0,7633800.0,0.4609,-0.0544,0.3211,0.462,0.0,0.3267,-0.303,-1.5841,-0.692,0.3674,-0.4571,0.1437,0.4352,-0.0,0.2951,0.4655,-0.0502,0.3269,0.4964,-0.0232,0.3528,800
RocketTile_121,0.0,28.0,0.0,32.0,2.0,4.0,4.0,1.0,64.0,2.0,16.0,2.0,37072.2254,37072.2254,37072.2254,37072.2254,37072.2254,18379000.0,7996000.0,11312000.0,18212000.0,7919700.0,11196000.0,18797000.0,7370200.0,10800000.0,18355000.0,7407200.0,10769000.0,18374000.0,7994100.0,11309000.0,0.4055,-0.0562,0.2839,0.4551,-0.0,0.3165,-0.1571,-1.2853,-0.4984,0.3895,-0.448,0.1574,0.448,-0.001,0.309,0.4102,-0.0508,0.2896,0.4809,-0.0231,0.3459,800
RocketTile_122,0.0,56.0,512.0,64.0,1.0,28.0,4.0,1.0,32.0,2.0,8.0,3.0,33580.7338,33580.7338,33580.7338,33580.7338,33580.7338,18054000.0,7912000.0,11345000.0,17833000.0,7825300.0,11208000.0,18503000.0,7317100.0,10852000.0,18034000.0,7350500.0,10814000.0,18046000.0,7908300.0,11339000.0,0.4348,-0.0526,0.2986,0.4683,-0.0,0.3272,-0.204,-1.3573,-0.5506,0.3828,-0.4821,0.1386,0.4423,-0.0007,0.3023,0.4361,-0.0461,0.301,0.4868,-0.0237,0.3544,800
RocketTile_123,6.0,56.0,1024.0,32.0,4.0,16.0,8.0,0.0,32.0,4.0,20.0,2.0,51307.0042,51307.0042,51307.0042,51307.0042,51307.0042,29551000.0,13632000.0,18850000.0,29355000.0,13550000.0,18726000.0,572750000.0,377020000.0,467240000.0,572250000.0,377190000.0,467210000.0,29541000.0,13628000.0,18844000.0,0.3691,-0.0694,0.2335,0.4107,0.0,0.2777,-187.3797,-373.8757,-227.8756,0.3766,-0.4582,0.1387,0.385,-0.0003,0.2669,0.3724,-0.0651,0.2381,0.4193,-0.0233,0.2852,800
RocketTile_124,0.0,42.0,0.0,64.0,1.0,24.0,4.0,1.0,64.0,2.0,4.0,1.0,33280.1568,33280.1568,33280.1568,33280.1568,33280.1568,14390000.0,5812700.0,8354600.0,14111000.0,5717000.0,8192200.0,14780000.0,5223600.0,7849900.0,14263000.0,5239500.0,7783200.0,14383000.0,5810000.0,8350500.0,0.4317,-0.0537,0.2973,0.4455,0.0,0.3056,-0.3495,-1.553,-0.7262,0.3735,-0.4481,0.156,0.4262,-0.0009,0.2911,0.4333,-0.0472,0.2991,0.4781,-0.0246,0.3353,800
RocketTile_125,6.0,14.0,0.0,64.0,4.0,8.0,4.0,1.0,64.0,2.0,20.0,1.0,51809.7168,51809.7168,51809.7168,51809.7168,51809.7168,23681000.0,9717100.0,13812000.0,23487000.0,9628900.0,13682000.0,24053000.0,9061400.0,13248000.0,23569000.0,9086200.0,13199000.0,23674000.0,9714800.0,13808000.0,0.3483,-0.0524,0.2459,0.4382,-0.0,0.3137,-0.2907,-1.4542,-0.6516,0.3702,-0.4441,0.1495,0.4428,-0.0001,0.3029,0.3494,-0.0484,0.2467,0.4563,-0.0277,0.3465,800
RocketTile_126,6.0,0.0,512.0,32.0,2.0,32.0,4.0,0.0,64.0,1.0,28.0,3.0,30832.367,30832.367,30832.367,30832.367,30832.367,16747000.0,7462300.0,10627000.0,16615000.0,7405300.0,10537000.0,17285000.0,7014900.0,10288000.0,16826000.0,7048300.0,10260000.0,16742000.0,7460400.0,10624000.0,0.441,-0.0601,0.3108,0.471,-0.0,0.3328,-0.2475,-1.3961,-0.5999,0.3676,-0.4368,0.1416,0.4574,-0.0009,0.3114,0.4428,-0.0567,0.3151,0.5004,-0.034,0.3671,800
RocketTile_127,3.0,28.0,256.0,32.0,2.0,8.0,4.0,0.0,64.0,2.0,16.0,2.0,36089.9194,36089.9194,36089.9194,36089.9194,36089.9194,18072000.0,7900200.0,11134000.0,17942000.0,7829900.0,11032000.0,18578000.0,7366100.0,10718000.0,18123000.0,7401900.0,10694000.0,18066000.0,7898300.0,11131000.0,0.4342,-0.0521,0.3106,0.4483,0.0,0.3094,-0.2107,-1.3746,-0.5589,0.3641,-0.4428,0.1379,0.4336,-0.0006,0.3016,0.4358,-0.0454,0.3117,0.4875,-0.0245,0.348,800
RocketTile_128,6.0,14.0,512.0,64.0,2.0,32.0,8.0,0.0,32.0,4.0,16.0,2.0,44183.8282,44183.8282,44183.8282,44183.8282,44183.8282,22902000.0,10113000.0,14146000.0,22771000.0,10046000.0,14049000.0,23235000.0,9537100.0,13636000.0,22675000.0,9546100.0,13568000.0,22895000.0,10110000.0,14142000.0,0.3773,-0.0638,0.2578,0.4082,-0.0,0.2806,-0.3622,-1.614,-0.7354,0.3611,-0.4527,0.1347,0.4059,-0.0016,0.275,0.3793,-0.0523,0.2584,0.4499,-0.0296,0.3245,800
RocketTile_129,12.0,56.0,1024.0,32.0,1.0,8.0,8.0,0.0,64.0,1.0,12.0,2.0,28101.6475,28101.6475,28101.6475,28101.6475,28101.6475,15490000.0,6870900.0,9710700.0,15298000.0,6786100.0,9580000.0,559140000.0,370370000.0,458310000.0,558510000.0,370520000.0,458250000.0,15484000.0,6868000.0,9706500.0,0.454,-0.0581,0.3189,0.4402,0.0,0.3056,-187.55,-373.7994,-227.7596,0.384,-0.4531,0.154,0.4315,-0.0005,0.2933,0.4571,-0.0535,0.3206,0.4824,-0.0227,0.3466,800
RocketTile_130,0.0,42.0,1024.0,32.0,4.0,8.0,8.0,1.0,32.0,2.0,8.0,2.0,43424.0957,43424.0957,43424.0957,43424.0957,43424.0957,23807000.0,10782000.0,15063000.0,23598000.0,10697000.0,14927000.0,24199000.0,10108000.0,14491000.0,23782000.0,10160000.0,14483000.0,23800000.0,10780000.0,15059000.0,0.3189,-0.0677,0.2116,0.378,-0.0,0.2671,-0.1442,-1.2663,-0.4831,0.4026,-0.4346,0.1642,0.4216,-0.0006,0.2992,0.3216,-0.0588,0.2153,0.411,-0.028,0.3028,800
RocketTile_131,6.0,14.0,256.0,32.0,2.0,24.0,4.0,1.0,64.0,1.0,4.0,3.0,35206.3282,35206.3282,35206.3282,35206.3282,35206.3282,19577000.0,8628900.0,12357000.0,19369000.0,8531900.0,12205000.0,20123000.0,7962400.0,11802000.0,19656000.0,7995500.0,11766000.0,19572000.0,8627000.0,12354000.0,0.4438,-0.058,0.3118,0.4471,-0.0,0.3162,-0.12,-1.2462,-0.4549,0.387,-0.4434,0.1563,0.4591,-0.0002,0.3125,0.4498,-0.0482,0.3173,0.4836,-0.0182,0.3474,800
RocketTile_132,12.0,56.0,512.0,64.0,2.0,16.0,8.0,1.0,64.0,2.0,16.0,3.0,45269.9928,45269.9928,45269.9928,45269.9928,45269.9928,23308000.0,9941900.0,14219000.0,23047000.0,9830000.0,14045000.0,23747000.0,9117100.0,13514000.0,23330000.0,9169800.0,13514000.0,23301000.0,9938800.0,14214000.0,0.3623,-0.0789,0.2556,0.4356,0.0,0.297,-0.3969,-1.6786,-0.7641,0.3661,-0.4896,0.12,0.4336,-0.0001,0.2842,0.361,-0.0728,0.2532,0.4682,-0.0311,0.3264,800
RocketTile_133,3.0,56.0,0.0,64.0,1.0,16.0,8.0,0.0,64.0,4.0,20.0,3.0,43595.5608,43595.5608,43595.5608,43595.5608,43595.5608,20745000.0,9008100.0,12749000.0,20584000.0,8943800.0,12646000.0,21131000.0,8526500.0,12345000.0,20640000.0,8540500.0,12291000.0,20739000.0,9006300.0,12746000.0,0.3963,-0.0561,0.2687,0.431,0.0,0.293,-0.3632,-1.652,-0.7486,0.3676,-0.4213,0.1484,0.4171,-0.0001,0.2747,0.402,-0.0443,0.2787,0.4769,-0.0285,0.3499,800
RocketTile_134,3.0,28.0,256.0,32.0,4.0,28.0,8.0,0.0,64.0,4.0,24.0,1.0,54153.2376,54153.2376,54153.2376,54153.2376,54153.2376,26329000.0,11632000.0,16125000.0,26160000.0,11557000.0,16010000.0,26726000.0,10992000.0,15586000.0,26220000.0,11020000.0,15540000.0,26322000.0,11629000.0,16121000.0,0.4018,-0.0715,0.2814,0.3842,-0.0001,0.2652,-0.2136,-1.3903,-0.5474,0.3933,-0.4427,0.1572,0.4308,-0.0001,0.289,0.4037,-0.057,0.2834,0.4735,-0.0293,0.3446,800
RocketTile_135,12.0,42.0,512.0,32.0,4.0,16.0,8.0,1.0,64.0,1.0,28.0,3.0,45245.7518,45245.7518,45245.7518,45245.7518,45245.7518,26547000.0,11747000.0,16686000.0,26365000.0,11648000.0,16536000.0,26716000.0,10970000.0,15947000.0,26343000.0,11044000.0,15973000.0,26539000.0,11744000.0,16681000.0,0.4022,-0.0563,0.2793,0.4142,-0.0,0.2914,-0.2138,-1.4862,-0.5764,0.3858,-0.4524,0.1533,0.431,-0.0001,0.2994,0.405,-0.0527,0.2835,0.4576,-0.0251,0.3246,800
RocketTile_136,9.0,28.0,512.0,32.0,2.0,20.0,8.0,0.0,64.0,1.0,28.0,1.0,30016.0814,30016.0814,30016.0814,30016.0814,30016.0814,15276000.0,6437300.0,9131700.0,15137000.0,6365700.0,9026500.0,15510000.0,5932400.0,8688000.0,14988000.0,5932800.0,8615800.0,15271000.0,6435200.0,9128600.0,0.446,-0.0586,0.3146,0.451,-0.0,0.3111,-0.272,-1.4758,-0.6401,0.3825,-0.4434,0.1565,0.4347,-0.0001,0.3092,0.4482,-0.0483,0.3191,0.4868,-0.0325,0.342,800
RocketTile_137,9.0,42.0,512.0,64.0,4.0,20.0,4.0,1.0,32.0,2.0,24.0,3.0,54616.3877,54616.3877,54616.3877,54616.3877,54616.3877,29658000.0,12675000.0,18116000.0,29419000.0,12563000.0,17946000.0,29846000.0,11832000.0,17291000.0,29268000.0,11880000.0,17254000.0,29646000.0,12671000.0,18109000.0,0.3122,-0.0854,0.1839,0.3521,-0.0041,0.2348,-0.3162,-1.5445,-0.6914,0.3914,-0.445,0.1544,0.4302,-0.0007,0.3003,0.3146,-0.0813,0.1871,0.4274,-0.0204,0.3103,800
RocketTile_138,9.0,0.0,0.0,32.0,1.0,32.0,4.0,1.0,64.0,4.0,4.0,2.0,43424.0957,43424.0957,43424.0957,43424.0957,43424.0957,20315000.0,8731200.0,12371000.0,20059000.0,8638600.0,12215000.0,20727000.0,8122300.0,11847000.0,20224000.0,8140600.0,11787000.0,20306000.0,8727100.0,12365000.0,0.407,-0.0604,0.2684,0.4406,-0.0001,0.3038,-0.3136,-1.6727,-0.6915,0.3914,-0.4448,0.1551,0.4051,-0.0081,0.2768,0.4108,-0.0517,0.2725,0.4748,-0.0239,0.3297,800
RocketTile_139,6.0,14.0,512.0,64.0,1.0,16.0,4.0,1.0,64.0,4.0,12.0,3.0,47895.9782,47895.9782,47895.9782,47895.9782,47895.9782,24457000.0,10556000.0,15044000.0,24192000.0,10458000.0,14878000.0,24731000.0,9839400.0,14358000.0,24274000.0,9864900.0,14321000.0,24448000.0,10552000.0,15038000.0,0.3771,-0.0742,0.2557,0.411,-0.0,0.2849,-0.374,-1.7424,-0.774,0.3823,-0.5038,0.1265,0.4181,-0.0003,0.2896,0.3782,-0.0488,0.2583,0.4526,-0.0268,0.3208,800
RocketTile_140,3.0,28.0,1024.0,32.0,2.0,32.0,8.0,0.0,32.0,1.0,20.0,2.0,30341.2824,30341.2824,30341.2824,30341.2824,30341.2824,17574000.0,7911100.0,11133000.0,17427000.0,7835400.0,11023000.0,561050000.0,371450000.0,459710000.0,560520000.0,371600000.0,459650000.0,17570000.0,7909400.0,11130000.0,0.4172,-0.0602,0.2874,0.4362,-0.0,0.3048,-187.427,-373.8079,-227.782,0.3786,-0.4421,0.1606,0.428,-0.001,0.2985,0.4198,-0.058,0.2897,0.4755,-0.0275,0.3367,800
RocketTile_141,0.0,0.0,1024.0,32.0,2.0,8.0,4.0,1.0,64.0,4.0,28.0,2.0,47462.3222,47462.3222,47462.3222,47462.3222,47462.3222,22703000.0,9885800.0,13911000.0,22467000.0,9794700.0,13764000.0,22999000.0,9226200.0,13323000.0,22562000.0,9267100.0,13299000.0,22697000.0,9883400.0,13907000.0,0.3467,-0.0648,0.2407,0.4287,-0.0,0.2992,-0.2067,-1.3131,-0.5635,0.3835,-0.4265,0.1698,0.4284,-0.0,0.2883,0.3585,-0.0582,0.2432,0.4594,-0.026,0.3368,800
RocketTile_142,3.0,0.0,128.0,32.0,4.0,24.0,4.0,0.0,64.0,4.0,4.0,1.0,52476.9451,52476.9451,52476.9451,52476.9451,52476.9451,25238000.0,11111000.0,15426000.0,25073000.0,11051000.0,15331000.0,25488000.0,10587000.0,14951000.0,25028000.0,10606000.0,14909000.0,25230000.0,11108000.0,15421000.0,0.3018,-0.0809,0.1942,0.4329,-0.0,0.3061,-0.4141,-1.678,-0.8073,0.3785,-0.4374,0.1575,0.395,-0.0001,0.273,0.3089,-0.0703,0.2019,0.4567,-0.0206,0.3376,800
RocketTile_143,6.0,42.0,0.0,64.0,1.0,8.0,8.0,1.0,32.0,2.0,20.0,2.0,31700.1989,31700.1989,31700.1989,31700.1989,31700.1989,15797000.0,6794000.0,9729200.0,15566000.0,6709600.0,9584700.0,16212000.0,6241300.0,9243200.0,15712000.0,6266700.0,9191500.0,15790000.0,6790700.0,9724500.0,0.4289,-0.0511,0.3032,0.4499,0.0,0.3167,-0.1313,-1.2566,-0.4732,0.4057,-0.4278,0.1701,0.439,-0.001,0.2928,0.4316,-0.0445,0.3112,0.4922,-0.0286,0.3501,800
RocketTile_144,9.0,42.0,512.0,32.0,4.0,16.0,8.0,0.0,64.0,1.0,8.0,2.0,40810.2581,40810.2581,40810.2581,40810.2581,40810.2581,22608000.0,10053000.0,14135000.0,22481000.0,9975600.0,14023000.0,23164000.0,9498200.0,13681000.0,22651000.0,9532100.0,13647000.0,22600000.0,10050000.0,14130000.0,0.3477,-0.056,0.2416,0.3796,-0.0,0.2603,-0.3468,-1.5277,-0.7032,0.3902,-0.4482,0.1563,0.4311,-0.0001,0.2919,0.3525,-0.0468,0.2439,0.4365,-0.0314,0.3209,800
RocketTile_145,3.0,42.0,1024.0,32.0,2.0,28.0,8.0,0.0,32.0,2.0,16.0,2.0,34464.9816,34464.9816,34464.9816,34464.9816,34464.9816,19746000.0,8902900.0,12495000.0,19600000.0,8826700.0,12386000.0,563020000.0,372430000.0,461000000.0,562580000.0,372590000.0,460980000.0,19740000.0,8900700.0,12491000.0,0.44,-0.0551,0.2978,0.4579,-0.0001,0.3188,-187.3045,-373.6267,-227.6605,0.3826,-0.4474,0.1499,0.4441,-0.0011,0.2977,0.4426,-0.0509,0.3007,0.4793,-0.0331,0.3407,800
RocketTile_146,0.0,56.0,1024.0,32.0,1.0,28.0,8.0,1.0,32.0,2.0,32.0,2.0,30361.1458,30361.1458,30361.1458,30361.1458,30361.1458,15569000.0,6860300.0,9757000.0,15349000.0,6771200.0,9612500.0,16152000.0,6297700.0,9311000.0,15601000.0,6321000.0,9246400.0,15563000.0,6857300.0,9752600.0,0.4254,-0.0576,0.2938,0.4524,-0.0,0.3148,-0.1405,-1.2609,-0.4881,0.3583,-0.492,0.1126,0.4527,-0.0005,0.3084,0.4265,-0.053,0.2963,0.4856,-0.0289,0.3394,800
RocketTile_147,3.0,28.0,0.0,64.0,4.0,8.0,4.0,0.0,64.0,4.0,28.0,3.0,62329.3632,62329.3632,62329.3632,62329.3632,62329.3632,30223000.0,12912000.0,18267000.0,30074000.0,12844000.0,18163000.0,30455000.0,12288000.0,17685000.0,30000000.0,12331000.0,17666000.0,30215000.0,12910000.0,18262000.0,0.2911,-0.0619,0.1785,0.4188,0.0,0.287,-0.4497,-1.7334,-0.8261,0.3614,-0.4408,0.1351,0.4212,-0.0003,0.287,0.2978,-0.0571,0.1844,0.474,-0.0243,0.3361,800
RocketTile_148,9.0,56.0,128.0,64.0,4.0,32.0,4.0,0.0,32.0,2.0,8.0,2.0,50042.808,50042.808,50042.808,50042.808,50042.808,24981000.0,10604000.0,15037000.0,24827000.0,10526000.0,14921000.0,25313000.0,9944400.0,14458000.0,24853000.0,9987400.0,14435000.0,24973000.0,10600000.0,15031000.0,0.3621,-0.0512,0.2391,0.3803,-0.0,0.261,-0.2767,-1.5097,-0.6439,0.3815,-0.446,0.154,0.4405,-0.0,0.2982,0.3635,-0.0447,0.2415,0.4315,-0.0256,0.3076,800
RocketTile_149,9.0,56.0,256.0,32.0,2.0,4.0,8.0,0.0,32.0,4.0,8.0,2.0,41570.1,41570.1,41570.1,41570.1,41570.1,22037000.0,10021000.0,13948000.0,21793000.0,9936000.0,13804000.0,22468000.0,9388400.0,13397000.0,21951000.0,9433200.0,13373000.0,22031000.0,10019000.0,13944000.0,0.4016,-0.0549,0.2797,0.4336,-0.0,0.2965,-0.4465,-1.9408,-0.8999,0.3853,-0.436,0.1635,0.4098,-0.0028,0.2772,0.404,-0.0448,0.283,0.4674,-0.0212,0.3299,800
RocketTile_150,12.0,56.0,0.0,64.0,1.0,24.0,8.0,0.0,64.0,1.0,28.0,3.0,28182.168,28182.168,28182.168,28182.168,28182.168,14540000.0,6202700.0,8996600.0,14408000.0,6144300.0,8903800.0,14971000.0,5789000.0,8660400.0,14542000.0,5813800.0,8626100.0,14537000.0,6201600.0,8994800.0,0.4385,-0.0573,0.3136,0.4708,0.0,0.3357,-0.3497,-1.592,-0.7401,0.3568,-0.4397,0.1292,0.4395,-0.0022,0.3001,0.4398,-0.0529,0.3155,0.5032,-0.0295,0.3568,800
RocketTile_151,9.0,42.0,1024.0,32.0,4.0,16.0,8.0,1.0,32.0,2.0,20.0,3.0,47920.9306,47920.9306,47920.9306,47920.9306,47920.9306,29262000.0,13370000.0,18742000.0,29074000.0,13266000.0,18593000.0,572470000.0,376600000.0,466980000.0,572040000.0,376780000.0,466990000.0,29252000.0,13366000.0,18736000.0,0.3821,-0.0791,0.2627,0.3867,-0.0,0.2705,-187.5056,-373.8931,-227.8545,0.3779,-0.4809,0.1312,0.427,-0.0,0.2974,0.3872,-0.0669,0.2696,0.4315,-0.0259,0.305,800
RocketTile_152,0.0,56.0,1024.0,64.0,4.0,4.0,8.0,1.0,64.0,4.0,12.0,1.0,62067.5006,62067.5006,62067.5006,62067.5006,62067.5006,28179000.0,11590000.0,16468000.0,27873000.0,11500000.0,16298000.0,28125000.0,10905000.0,15722000.0,27749000.0,10959000.0,15723000.0,28170000.0,11587000.0,16463000.0,0.3796,-0.067,0.2606,0.4046,-0.0007,0.2713,-0.2718,-1.5502,-0.6424,0.3727,-0.4352,0.1583,0.4181,-0.0005,0.2879,0.379,-0.0584,0.2628,0.4663,-0.022,0.3336,800
RocketTile_153,3.0,28.0,1024.0,64.0,1.0,28.0,4.0,0.0,32.0,2.0,32.0,3.0,32559.4944,32559.4944,32559.4944,32559.4944,32559.4944,19001000.0,8624100.0,12152000.0,18838000.0,8543000.0,12032000.0,562570000.0,372150000.0,460740000.0,561990000.0,372280000.0,460670000.0,18993000.0,8620500.0,12147000.0,0.4434,-0.054,0.3166,0.4753,0.0,0.3333,-187.4231,-373.9437,-227.8806,0.3787,-0.4511,0.155,0.4401,-0.0032,0.2985,0.4469,-0.0458,0.316,0.4976,-0.0245,0.3528,800
RocketTile_154,0.0,56.0,0.0,32.0,2.0,28.0,8.0,1.0,32.0,1.0,28.0,2.0,31182.0826,31182.0826,31182.0826,31182.0826,31182.0826,16440000.0,7106300.0,10213000.0,16188000.0,7019900.0,10058000.0,16844000.0,6515800.0,9671000.0,16293000.0,6551500.0,9620400.0,16436000.0,7104700.0,10210000.0,0.4343,-0.0585,0.3085,0.4642,-0.0,0.3245,-0.2519,-1.4552,-0.613,0.3836,-0.4737,0.1377,0.4395,-0.0011,0.2995,0.4372,-0.0554,0.3112,0.5009,-0.024,0.3585,800
RocketTile_155,0.0,14.0,1024.0,64.0,4.0,20.0,4.0,0.0,64.0,4.0,16.0,2.0,60935.1523,60935.1523,60935.1523,60935.1523,60935.1523,28394000.0,12002000.0,16924000.0,28196000.0,11935000.0,16814000.0,28635000.0,11381000.0,16361000.0,28148000.0,11424000.0,16336000.0,28381000.0,11997000.0,16917000.0,0.3859,-0.0871,0.2688,0.4256,0.0001,0.3006,-0.4983,-1.8231,-0.8979,0.3596,-0.4528,0.1322,0.4127,-0.0027,0.2877,0.3873,-0.0803,0.2689,0.4475,-0.024,0.3311,800
RocketTile_156,6.0,0.0,128.0,64.0,1.0,8.0,4.0,1.0,32.0,1.0,24.0,2.0,27769.716,27769.716,27769.716,27769.716,27769.716,13819000.0,5833800.0,8436100.0,13625000.0,5751400.0,8304900.0,14310000.0,5277100.0,7983300.0,13792000.0,5304300.0,7928300.0,13812000.0,5829900.0,8430700.0,0.4407,-0.0614,0.305,0.4687,-0.0,0.3316,-0.2295,-1.3943,-0.5742,0.3914,-0.4475,0.1565,0.4535,-0.0008,0.3045,0.4431,-0.0551,0.3084,0.4939,-0.0367,0.3492,800
RocketTile_157,3.0,0.0,0.0,32.0,1.0,24.0,4.0,1.0,64.0,1.0,16.0,2.0,27868.7866,27868.7866,27868.7866,27868.7866,27868.7866,13840000.0,5897900.0,8494600.0,13626000.0,5807100.0,8351900.0,14393000.0,5325800.0,8055700.0,13877000.0,5364100.0,8014400.0,13834000.0,5894700.0,8489900.0,0.4653,-0.0877,0.3245,0.4712,-0.0,0.328,-0.2871,-1.6407,-0.6926,0.391,-0.4307,0.1718,0.4561,-0.0001,0.3103,0.4698,-0.0822,0.3291,0.5055,-0.0281,0.3601,800
RocketTile_158,3.0,42.0,512.0,64.0,1.0,16.0,4.0,0.0,32.0,1.0,28.0,3.0,28713.4718,28713.4718,28713.4718,28713.4718,28713.4718,16493000.0,7124600.0,10297000.0,16302000.0,7045200.0,10166000.0,16813000.0,6553800.0,9752600.0,16168000.0,6555900.0,9663800.0,16486000.0,7121100.0,10292000.0,0.4483,-0.0578,0.3201,0.4581,0.0,0.3296,-0.1793,-1.3273,-0.5319,0.371,-0.4659,0.1338,0.453,-0.0005,0.3101,0.4509,-0.0495,0.3238,0.489,-0.0242,0.3603,800
RocketTile_159,6.0,28.0,1024.0,32.0,2.0,8.0,4.0,0.0,64.0,1.0,20.0,1.0,30341.2824,30341.2824,30341.2824,30341.2824,30341.2824,16142000.0,7036500.0,9917600.0,16007000.0,6964900.0,9810200.0,559490000.0,370600000.0,458480000.0,559050000.0,370750000.0,458450000.0,16137000.0,7034700.0,9914700.0,0.3953,-0.061,0.2701,0.4399,-0.0001,0.311,-187.434,-373.6005,-227.6373,0.3934,-0.4487,0.1558,0.4278,-0.0002,0.3016,0.3966,-0.0524,0.2726,0.446,-0.0272,0.3187,800
RocketTile_160,6.0,14.0,256.0,32.0,1.0,20.0,8.0,1.0,32.0,4.0,4.0,2.0,38779.2432,38779.2432,38779.2432,38779.2432,38779.2432,20666000.0,9297400.0,13054000.0,20370000.0,9203200.0,12887000.0,20988000.0,8606000.0,12412000.0,20446000.0,8644100.0,12365000.0,20665000.0,9296600.0,13052000.0,0.3917,-0.0623,0.2575,0.4226,-0.0,0.2922,-0.326,-1.5587,-0.6995,0.372,-0.4681,0.1348,0.4065,-0.0001,0.2831,0.3951,-0.0549,0.2616,0.4594,-0.0298,0.3256,800
RocketTile_161,9.0,28.0,1024.0,32.0,4.0,4.0,4.0,1.0,64.0,1.0,32.0,1.0,41854.3978,41854.3978,41854.3978,41854.3978,41854.3978,23427000.0,10265000.0,14414000.0,23294000.0,10174000.0,14291000.0,566610000.0,373620000.0,462760000.0,566020000.0,373770000.0,462700000.0,23419000.0,10262000.0,14409000.0,0.3094,-0.0578,0.1952,0.3512,-0.0,0.2377,-187.2984,-373.5724,-227.7477,0.39,-0.4296,0.172,0.4117,-0.0007,0.2924,0.3131,-0.048,0.1994,0.3653,-0.022,0.2492,800
RocketTile_162,6.0,14.0,1024.0,32.0,2.0,28.0,4.0,1.0,64.0,2.0,12.0,2.0,39683.628,39683.628,39683.628,39683.628,39683.628,21588000.0,9409600.0,13337000.0,21374000.0,9311400.0,13190000.0,564840000.0,372780000.0,461690000.0,564330000.0,372940000.0,461660000.0,21581000.0,9406800.0,13333000.0,0.4248,-0.0601,0.2949,0.448,-0.0,0.3101,-187.6456,-374.2774,-228.0616,0.3643,-0.448,0.143,0.4499,-0.0003,0.31,0.4274,-0.0559,0.2983,0.4788,-0.0298,0.3401,800
RocketTile_163,3.0,0.0,0.0,32.0,4.0,28.0,8.0,0.0,32.0,2.0,20.0,3.0,42214.8384,42214.8384,42214.8384,42214.8384,42214.8384,24419000.0,11176000.0,15660000.0,24258000.0,11116000.0,15562000.0,24564000.0,10605000.0,15106000.0,24189000.0,10644000.0,15096000.0,24412000.0,11174000.0,15656000.0,0.3483,-0.0742,0.2366,0.3856,-0.0,0.2643,-0.4789,-1.7084,-0.8541,0.3711,-0.4706,0.1341,0.3942,-0.0005,0.276,0.3515,-0.069,0.2401,0.4393,-0.0244,0.325,800
RocketTile_164,12.0,28.0,256.0,32.0,2.0,12.0,4.0,1.0,32.0,1.0,16.0,3.0,33966.6739,33966.6739,33966.6739,33966.6739,33966.6739,19555000.0,8673800.0,12397000.0,19322000.0,8577500.0,12241000.0,20049000.0,7974400.0,11808000.0,19478000.0,8004100.0,11751000.0,19550000.0,8672100.0,12394000.0,0.4495,-0.0568,0.314,0.4475,-0.0,0.3121,-0.2505,-1.4912,-0.6116,0.3723,-0.4685,0.1345,0.4335,-0.0001,0.3102,0.4539,-0.0509,0.3178,0.4804,-0.0324,0.3389,800
RocketTile_165,12.0,14.0,0.0,32.0,1.0,16.0,4.0,1.0,64.0,1.0,8.0,3.0,29191.2595,29191.2595,29191.2595,29191.2595,29191.2595,15834000.0,6928200.0,9997100.0,15620000.0,6841500.0,9857700.0,16288000.0,6355700.0,9534100.0,15839000.0,6379200.0,9490800.0,15827000.0,6925000.0,9992300.0,0.422,-0.0498,0.2957,0.4543,-0.0001,0.3196,-0.2931,-1.5811,-0.6896,0.3845,-0.4516,0.1538,0.4479,-0.0001,0.3034,0.424,-0.0438,0.2984,0.4803,-0.0211,0.3407,800
RocketTile_166,3.0,42.0,128.0,64.0,2.0,20.0,8.0,0.0,32.0,1.0,4.0,2.0,33409.4328,33409.4328,33409.4328,33409.4328,33409.4328,16308000.0,6838800.0,9826300.0,16125000.0,6767500.0,9707700.0,16964000.0,6355200.0,9467400.0,16406000.0,6376100.0,9407100.0,16303000.0,6836400.0,9822600.0,0.4206,-0.0623,0.2923,0.4149,0.0,0.2915,-0.3727,-1.5695,-0.7424,0.3915,-0.441,0.1537,0.4411,-0.0002,0.2982,0.4234,-0.0581,0.295,0.4607,-0.0227,0.3291,800
RocketTile_167,3.0,14.0,0.0,64.0,1.0,8.0,8.0,1.0,32.0,2.0,16.0,2.0,31700.1989,31700.1989,31700.1989,31700.1989,31700.1989,15796000.0,6797100.0,9731000.0,15575000.0,6713200.0,9590100.0,16212000.0,6241300.0,9243200.0,15712000.0,6266700.0,9191500.0,15789000.0,6793700.0,9726100.0,0.4375,-0.0516,0.3105,0.4592,0.0,0.3228,-0.1313,-1.2566,-0.4732,0.4057,-0.4278,0.1701,0.439,-0.001,0.2928,0.4407,-0.0456,0.3148,0.4911,-0.0244,0.3487,800
RocketTile_168,12.0,56.0,0.0,64.0,4.0,24.0,4.0,1.0,32.0,2.0,12.0,2.0,50883.8544,50883.8544,50883.8544,50883.8544,50883.8544,25365000.0,10743000.0,15282000.0,25177000.0,10661000.0,15152000.0,25728000.0,10044000.0,14664000.0,25252000.0,10100000.0,14648000.0,25357000.0,10741000.0,15277000.0,0.3631,-0.0559,0.2498,0.4287,-0.0,0.3012,-0.0818,-1.2625,-0.4151,0.3693,-0.4312,0.154,0.4395,-0.0011,0.3016,0.3587,-0.0508,0.2471,0.4601,-0.0227,0.3334,800
RocketTile_169,12.0,14.0,512.0,32.0,4.0,28.0,8.0,1.0,32.0,1.0,28.0,2.0,41831.087,41831.087,41831.087,41831.087,41831.087,23781000.0,10659000.0,14996000.0,23582000.0,10559000.0,14845000.0,24297000.0,9884900.0,14325000.0,23813000.0,9921700.0,14291000.0,23775000.0,10657000.0,14992000.0,0.3508,-0.0719,0.2383,0.3869,-0.0001,0.2719,-0.2873,-1.5129,-0.6603,0.3688,-0.498,0.1201,0.4167,-0.0001,0.2995,0.3549,-0.0676,0.2413,0.4216,-0.0209,0.306,800
RocketTile_170,3.0,28.0,1024.0,32.0,4.0,12.0,8.0,0.0,32.0,1.0,4.0,2.0,39334.1861,39334.1861,39334.1861,39334.1861,39334.1861,23766000.0,10709000.0,15015000.0,23647000.0,10634000.0,14913000.0,566830000.0,374150000.0,463400000.0,566250000.0,374300000.0,463360000.0,23759000.0,10706000.0,15010000.0,0.3263,-0.055,0.2187,0.3776,-0.0001,0.2636,-187.3417,-373.6252,-227.6936,0.3932,-0.4242,0.1729,0.4176,-0.0125,0.2943,0.3259,-0.049,0.2215,0.4197,-0.0276,0.2991,800
RocketTile_171,6.0,14.0,0.0,32.0,4.0,4.0,8.0,0.0,64.0,1.0,32.0,3.0,40011.7838,40011.7838,40011.7838,40011.7838,40011.7838,22674000.0,10243000.0,14434000.0,22538000.0,10179000.0,14339000.0,22999000.0,9698700.0,13960000.0,22567000.0,9734400.0,13937000.0,22668000.0,10241000.0,14431000.0,0.3826,-0.0566,0.2625,0.3911,0.0,0.2682,-0.3015,-1.6002,-0.6877,0.3814,-0.4274,0.1696,0.428,-0.0004,0.2999,0.3865,-0.0501,0.2671,0.4441,-0.0265,0.3193,800
RocketTile_172,12.0,56.0,256.0,32.0,4.0,20.0,4.0,0.0,32.0,4.0,20.0,3.0,51945.012,51945.012,51945.012,51945.012,51945.012,29597000.0,13686000.0,18985000.0,29425000.0,13603000.0,18861000.0,29975000.0,12960000.0,18373000.0,29497000.0,13014000.0,18362000.0,29588000.0,13682000.0,18980000.0,0.3125,-0.0687,0.2015,0.3333,-0.0001,0.2202,-0.4683,-1.9289,-0.8923,0.3836,-0.4515,0.1568,0.4235,-0.0014,0.2999,0.3145,-0.0608,0.2046,0.4314,-0.0307,0.3196,800
RocketTile_173,9.0,42.0,256.0,32.0,1.0,24.0,8.0,1.0,32.0,1.0,32.0,2.0,28574.3462,28574.3462,28574.3462,28574.3462,28574.3462,15034000.0,6454400.0,9274800.0,14776000.0,6347300.0,9102500.0,15739000.0,5818100.0,8803500.0,15089000.0,5837100.0,8721600.0,15025000.0,6449900.0,9268600.0,0.4444,-0.0639,0.3098,0.4536,0.0,0.3215,-0.3339,-1.6061,-0.7159,0.381,-0.4384,0.1575,0.4584,-0.0003,0.315,0.4473,-0.057,0.3146,0.4712,-0.0252,0.338,800
RocketTile_174,0.0,42.0,0.0,64.0,2.0,24.0,4.0,0.0,64.0,4.0,16.0,1.0,47030.6362,47030.6362,47030.6362,47030.6362,47030.6362,20121000.0,8368200.0,11773000.0,19963000.0,8305600.0,11673000.0,20423000.0,7873800.0,11343000.0,20018000.0,7899800.0,11314000.0,20114000.0,8365900.0,11769000.0,0.3828,-0.0516,0.2634,0.4173,0.0,0.286,-0.2767,-1.4957,-0.6482,0.3792,-0.4801,0.1328,0.4289,-0.0043,0.2963,0.3854,-0.0455,0.2666,0.4658,-0.0291,0.3328,800
RocketTile_175,3.0,56.0,512.0,64.0,4.0,20.0,8.0,0.0,32.0,4.0,32.0,2.0,57803.9371,57803.9371,57803.9371,57803.9371,57803.9371,29804000.0,13020000.0,18221000.0,29647000.0,12938000.0,18104000.0,30143000.0,12283000.0,17575000.0,29581000.0,12318000.0,17527000.0,29792000.0,13015000.0,18214000.0,0.331,-0.0522,0.2198,0.3914,-0.0,0.2727,-0.2956,-1.486,-0.6461,0.3795,-0.47,0.1412,0.4141,-0.0016,0.2915,0.3328,-0.045,0.2221,0.4232,-0.0216,0.3021,800
RocketTile_176,9.0,0.0,512.0,32.0,1.0,20.0,8.0,0.0,64.0,4.0,16.0,1.0,39058.5888,39058.5888,39058.5888,39058.5888,39058.5888,16868000.0,7236900.0,10104000.0,16742000.0,7180600.0,10018000.0,17185000.0,6776100.0,9710700.0,16767000.0,6777600.0,9654800.0,16864000.0,7235200.0,10101000.0,0.3621,-0.0581,0.2438,0.3981,0.0,0.2655,-0.1974,-1.3983,-0.5523,0.3836,-0.4522,0.1537,0.428,-0.0005,0.293,0.3642,-0.0528,0.2467,0.4606,-0.0263,0.3384,800
RocketTile_177,12.0,56.0,512.0,32.0,1.0,8.0,8.0,0.0,64.0,2.0,4.0,3.0,34160.4648,34160.4648,34160.4648,34160.4648,34160.4648,18444000.0,8054700.0,11476000.0,18315000.0,7972400.0,11361000.0,18955000.0,7512800.0,11048000.0,18367000.0,7527600.0,10981000.0,18436000.0,8051200.0,11471000.0,0.4301,-0.0612,0.2924,0.4545,0.0,0.3171,-0.4338,-1.7825,-0.8356,0.3816,-0.4381,0.1483,0.4414,-0.0007,0.2969,0.4315,-0.0554,0.2949,0.4784,-0.029,0.3415,800
RocketTile_178,0.0,42.0,1024.0,64.0,1.0,16.0,8.0,0.0,32.0,2.0,24.0,1.0,27712.7525,27712.7525,27712.7525,27712.7525,27712.7525,12622000.0,5373700.0,7581500.0,12468000.0,5310500.0,7481900.0,13000000.0,4936000.0,7221900.0,12558000.0,4957900.0,7183900.0,12620000.0,5373200.0,7580600.0,0.4537,-0.0533,0.3146,0.4614,-0.0,0.3209,-0.2099,-1.3522,-0.5652,0.3586,-0.4728,0.1326,0.4335,-0.0004,0.2887,0.4567,-0.0447,0.3198,0.4986,-0.0219,0.3458,800
RocketTile_179,6.0,28.0,1024.0,64.0,2.0,8.0,4.0,0.0,32.0,1.0,8.0,1.0,32431.86,32431.86,32431.86,32431.86,32431.86,17021000.0,7010700.0,10023000.0,16891000.0,6937100.0,9919300.0,559980000.0,370570000.0,458510000.0,559470000.0,370710000.0,458470000.0,17014000.0,7008600.0,10020000.0,0.3892,-0.0581,0.2744,0.4228,-0.0001,0.2963,-187.5013,-373.5925,-227.6902,0.3934,-0.4474,0.1564,0.4463,-0.0008,0.3026,0.3911,-0.048,0.2768,0.423,-0.0236,0.3071,800
RocketTile_180,3.0,42.0,512.0,32.0,1.0,28.0,8.0,0.0,64.0,2.0,16.0,2.0,32243.0486,32243.0486,32243.0486,32243.0486,32243.0486,16376000.0,7019800.0,9992100.0,16262000.0,6942600.0,9885000.0,16848000.0,6566200.0,9620400.0,16263000.0,6556600.0,9527100.0,16369000.0,7016500.0,9987500.0,0.4423,-0.0662,0.3025,0.4498,0.0,0.3123,-0.2115,-1.4634,-0.5819,0.3813,-0.4514,0.1539,0.4395,-0.0001,0.2955,0.4454,-0.0619,0.3065,0.4782,-0.0262,0.3362,800
RocketTile_181,0.0,14.0,1024.0,64.0,4.0,12.0,8.0,1.0,32.0,2.0,12.0,3.0,52210.6502,52210.6502,52210.6502,52210.6502,52210.6502,27354000.0,11837000.0,16812000.0,27187000.0,11752000.0,16686000.0,27665000.0,11078000.0,16148000.0,27225000.0,11148000.0,16157000.0,27344000.0,11833000.0,16806000.0,0.3391,-0.0637,0.2224,0.4369,-0.0,0.3077,-0.1294,-1.2639,-0.444,0.3927,-0.4433,0.1543,0.4214,-0.001,0.3022,0.3366,-0.0577,0.2187,0.4591,-0.028,0.3421,800
RocketTile_182,6.0,0.0,256.0,32.0,2.0,4.0,8.0,1.0,32.0,2.0,4.0,2.0,34333.681,34333.681,34333.681,34333.681,34333.681,18097000.0,8005000.0,11334000.0,17917000.0,7926300.0,11208000.0,18479000.0,7421700.0,10816000.0,17993000.0,7470800.0,10788000.0,18092000.0,8003000.0,11331000.0,0.412,-0.0529,0.2952,0.4599,-0.0,0.3279,-0.1482,-1.2739,-0.4893,0.3849,-0.4477,0.1575,0.4331,-0.0001,0.3112,0.4144,-0.0445,0.2989,0.4829,-0.0254,0.3513,800
RocketTile_183,6.0,28.0,512.0,64.0,4.0,32.0,8.0,1.0,64.0,4.0,28.0,3.0,67665.2746,67665.2746,67665.2746,67665.2746,67665.2746,34615000.0,14518000.0,20746000.0,34395000.0,14404000.0,20573000.0,34362000.0,13644000.0,19810000.0,33897000.0,13701000.0,19799000.0,34605000.0,14514000.0,20740000.0,0.348,-0.0602,0.233,0.3662,-0.0,0.2429,-0.3973,-1.7247,-0.7921,0.3874,-0.4548,0.1616,0.4234,-0.0011,0.2889,0.3516,-0.0524,0.2386,0.4515,-0.0235,0.3233,800
RocketTile_184,9.0,0.0,1024.0,64.0,2.0,28.0,8.0,0.0,64.0,1.0,24.0,2.0,33088.883,33088.883,33088.883,33088.883,33088.883,15601000.0,6483300.0,9326500.0,15462000.0,6423900.0,9233000.0,16123000.0,6036900.0,8977500.0,15578000.0,6055000.0,8919300.0,15597000.0,6481700.0,9323800.0,0.4159,-0.0541,0.2995,0.4444,0.0,0.3143,-0.1706,-1.3141,-0.5228,0.3597,-0.4276,0.1322,0.4351,-0.0001,0.2971,0.4173,-0.0511,0.3011,0.4881,-0.0315,0.3578,800
RocketTile_185,6.0,14.0,512.0,32.0,2.0,8.0,8.0,0.0,32.0,2.0,8.0,2.0,33259.3632,33259.3632,33259.3632,33259.3632,33259.3632,18320000.0,8175200.0,11487000.0,18169000.0,8106400.0,11383000.0,18691000.0,7688600.0,11066000.0,18230000.0,7710400.0,11025000.0,18314000.0,8173100.0,11484000.0,0.3973,-0.0499,0.2785,0.4197,0.0,0.291,-0.1444,-1.3101,-0.5074,0.3947,-0.4302,0.1571,0.4342,-0.0005,0.2899,0.3985,-0.0448,0.2819,0.4525,-0.0281,0.3156,800
RocketTile_186,12.0,42.0,256.0,64.0,4.0,20.0,8.0,1.0,32.0,2.0,28.0,3.0,54451.0512,54451.0512,54451.0512,54451.0512,54451.0512,29046000.0,12380000.0,17713000.0,28794000.0,12268000.0,17537000.0,29213000.0,11550000.0,16908000.0,28773000.0,11611000.0,16907000.0,29035000.0,12376000.0,17706000.0,0.2625,-0.064,0.1553,0.3477,-0.0,0.237,-0.4325,-1.6804,-0.812,0.3789,-0.459,0.1387,0.3826,-0.0002,0.2776,0.2652,-0.0519,0.1578,0.4121,-0.0231,0.3028,800
RocketTile_187,3.0,56.0,256.0,32.0,4.0,8.0,8.0,1.0,64.0,2.0,20.0,2.0,48587.8306,48587.8306,48587.8306,48587.8306,48587.8306,25791000.0,11292000.0,15932000.0,25549000.0,11187000.0,15768000.0,26187000.0,10562000.0,15291000.0,25695000.0,10592000.0,15246000.0,25782000.0,11289000.0,15926000.0,0.3495,-0.0538,0.228,0.3993,-0.0,0.271,-0.4256,-1.7098,-0.8196,0.3865,-0.435,0.165,0.4156,-0.0035,0.294,0.3515,-0.0453,0.2325,0.4336,-0.0209,0.3043,800
RocketTile_188,9.0,28.0,128.0,32.0,1.0,4.0,8.0,0.0,32.0,1.0,28.0,2.0,25054.92,25054.92,25054.92,25054.92,25054.92,13029000.0,5677800.0,8113400.0,12861000.0,5604400.0,7999200.0,13578000.0,5172400.0,7728800.0,13005000.0,5197300.0,7666500.0,13023000.0,5675300.0,8109700.0,0.4386,-0.0516,0.3008,0.45,0.0,0.3135,-0.2575,-1.495,-0.6321,0.3677,-0.4485,0.1391,0.4373,0.0,0.2934,0.4412,-0.0485,0.3035,0.4665,-0.0244,0.3252,800
RocketTile_189,3.0,42.0,256.0,64.0,2.0,24.0,4.0,0.0,32.0,2.0,16.0,3.0,38505.6158,38505.6158,38505.6158,38505.6158,38505.6158,20495000.0,8871600.0,12674000.0,20291000.0,8794000.0,12546000.0,20909000.0,8339700.0,12206000.0,20393000.0,8367000.0,12160000.0,20490000.0,8869600.0,12671000.0,0.4432,-0.0616,0.3064,0.4588,0.0,0.3191,-0.3102,-1.5269,-0.672,0.3829,-0.4528,0.1529,0.4278,-0.0022,0.2882,0.4457,-0.0534,0.3094,0.4796,-0.0278,0.34,800
RocketTile_190,3.0,0.0,0.0,32.0,2.0,8.0,8.0,1.0,32.0,2.0,28.0,3.0,35933.94,35933.94,35933.94,35933.94,35933.94,20118000.0,9105700.0,12883000.0,19917000.0,9026000.0,12752000.0,20468000.0,8458700.0,12322000.0,20119000.0,8516300.0,12330000.0,20113000.0,9103600.0,12880000.0,0.4415,-0.0511,0.3061,0.4581,0.0,0.3167,-0.2329,-1.4216,-0.5925,0.3948,-0.4347,0.1555,0.4451,0.0,0.3032,0.4447,-0.0446,0.3096,0.4879,-0.0234,0.3492,800
RocketTile_191,3.0,42.0,512.0,64.0,1.0,8.0,8.0,0.0,32.0,1.0,8.0,2.0,27439.7544,27439.7544,27439.7544,27439.7544,27439.7544,14309000.0,6107000.0,8754400.0,14142000.0,6027500.0,8634900.0,14946000.0,5623000.0,8388600.0,14292000.0,5620300.0,8292000.0,14302000.0,6104000.0,8750200.0,0.4105,-0.0533,0.3024,0.4608,-0.0,0.3238,-0.3483,-1.6052,-0.7347,0.3871,-0.4483,0.1574,0.441,-0.0001,0.3058,0.4107,-0.0496,0.303,0.4917,-0.0242,0.3521,800
RocketTile_192,6.0,0.0,256.0,32.0,4.0,28.0,4.0,0.0,64.0,2.0,12.0,3.0,44998.4995,44998.4995,44998.4995,44998.4995,44998.4995,24674000.0,11116000.0,15606000.0,24546000.0,11053000.0,15512000.0,24973000.0,10552000.0,15105000.0,24522000.0,10601000.0,15092000.0,24665000.0,11112000.0,15600000.0,0.4039,-0.055,0.2827,0.3981,0.0,0.2771,-0.311,-1.4474,-0.6654,0.3627,-0.4426,0.135,0.4191,-0.0003,0.298,0.41,-0.0453,0.2885,0.4519,-0.0271,0.3304,800
RocketTile_193,9.0,0.0,0.0,32.0,4.0,4.0,8.0,0.0,32.0,1.0,28.0,3.0,38527.9963,38527.9963,38527.9963,38527.9963,38527.9963,22363000.0,10170000.0,14331000.0,22192000.0,10113000.0,14232000.0,22718000.0,9675200.0,13892000.0,22258000.0,9705400.0,13860000.0,22357000.0,10168000.0,14328000.0,0.3838,-0.0635,0.2652,0.428,-0.0,0.2985,-0.1598,-1.3026,-0.4978,0.3611,-0.4533,0.1367,0.435,-0.0009,0.2929,0.3862,-0.0571,0.2672,0.4645,-0.0215,0.3336,800
RocketTile_194,9.0,28.0,1024.0,32.0,2.0,16.0,8.0,1.0,64.0,4.0,32.0,2.0,50201.3045,50201.3045,50201.3045,50201.3045,50201.3045,25928000.0,11313000.0,15952000.0,25674000.0,11203000.0,15783000.0,569020000.0,374620000.0,464200000.0,568580000.0,374790000.0,464190000.0,25920000.0,11310000.0,15948000.0,0.3502,-0.0554,0.2608,0.4095,0.0,0.2763,-187.4913,-374.0087,-227.9314,0.3896,-0.4422,0.1706,0.4199,-0.0004,0.2916,0.3503,-0.049,0.2612,0.454,-0.0255,0.3202,800
RocketTile_195,9.0,0.0,512.0,64.0,1.0,20.0,8.0,1.0,32.0,2.0,20.0,1.0,30400.8725,30400.8725,30400.8725,30400.8725,30400.8725,13919000.0,5802200.0,8291600.0,13698000.0,5715400.0,8149600.0,14431000.0,5290000.0,7873000.0,13865000.0,5293600.0,7786300.0,13914000.0,5799600.0,8287800.0,0.4202,-0.056,0.2959,0.4584,-0.0,0.3181,-0.2077,-1.4229,-0.5774,0.3699,-0.4494,0.1493,0.448,-0.0001,0.3123,0.4217,-0.0481,0.2975,0.4911,-0.0258,0.3548,800
RocketTile_196,9.0,0.0,1024.0,32.0,2.0,32.0,8.0,1.0,64.0,1.0,24.0,3.0,34291.4371,34291.4371,34291.4371,34291.4371,34291.4371,18784000.0,8179000.0,11788000.0,18544000.0,8090400.0,11640000.0,19083000.0,7554300.0,11216000.0,18677000.0,7610800.0,11211000.0,18778000.0,8176600.0,11784000.0,0.3547,-0.0614,0.2431,0.4269,-0.0,0.3031,-0.2662,-1.5179,-0.6531,0.383,-0.4426,0.1567,0.4468,0.0,0.3117,0.3554,-0.0566,0.2445,0.4678,-0.0318,0.3582,800
RocketTile_197,0.0,42.0,1024.0,64.0,2.0,20.0,4.0,0.0,32.0,2.0,12.0,3.0,36647.1605,36647.1605,36647.1605,36647.1605,36647.1605,19090000.0,8353000.0,11872000.0,18940000.0,8293500.0,11778000.0,19516000.0,7873300.0,11482000.0,19043000.0,7899500.0,11444000.0,19084000.0,8350500.0,11868000.0,0.4231,-0.0599,0.2808,0.4616,-0.0001,0.3192,-0.2332,-1.3542,-0.5797,0.373,-0.4323,0.1565,0.4432,-0.0001,0.2943,0.425,-0.054,0.2856,0.4922,-0.0293,0.3424,800
RocketTile_198,3.0,56.0,1024.0,64.0,1.0,24.0,4.0,1.0,32.0,4.0,16.0,3.0,43815.0701,43815.0701,43815.0701,43815.0701,43815.0701,25634000.0,11368000.0,16065000.0,25426000.0,11255000.0,15897000.0,568530000.0,374690000.0,464340000.0,568010000.0,374850000.0,464310000.0,25625000.0,11363000.0,16057000.0,0.3934,-0.064,0.2696,0.4511,0.0,0.318,-187.5837,-374.0757,-227.9462,0.35,-0.4415,0.1273,0.4386,-0.0015,0.2976,0.3946,-0.0613,0.2715,0.4794,-0.0216,0.3496,800
RocketTile_199,12.0,28.0,256.0,32.0,4.0,8.0,4.0,0.0,64.0,4.0,24.0,3.0,56907.2952,56907.2952,56907.2952,56907.2952,56907.2952,30128000.0,13452000.0,18821000.0,29943000.0,13376000.0,18701000.0,30416000.0,12785000.0,18231000.0,29891000.0,12839000.0,18210000.0,30117000.0,13448000.0,18814000.0,0.3401,-0.0584,0.226,0.3852,-0.0,0.2596,-0.2788,-1.4248,-0.6178,0.3917,-0.4597,0.1512,0.4038,-0.0007,0.281,0.3425,-0.0508,0.2322,0.4464,-0.0349,0.3132,800
